category,distance,speed
1,1,61
1,1,29
1,1,117
1,1,101
1,1,118
1,2,108
1,2,26
1,2,108
1,3,64
1,3,95
1,3,74
1,3,63
1,3,23
1,4,97
1,4,57
1,4,110
1,4,43
1,5,44
1,5,106
1,5,100
1,5,46
1,5,17
1,6,117
1,6,18
1,6,80
1,6,95
1,6,34
1,7,19
1,7,79
1,8,21
1,8,72
1,8,68
1,8,68
1,9,19
1,9,30
1,9,89
1,9,79
1,9,28
1,10,18
1,10,77
1,10,8
1,10,16
1,11,14
1,11,47
1,11,83
1,12,79
1,12,81
1,12,30
1,13,90
1,13,112
1,13,112
1,14,18
1,14,33
1,14,28
1,14,105
1,14,34
1,15,76
1,15,110
1,16,96
1,16,110
1,16,100
1,17,88
1,17,118
1,17,106
1,17,104
1,17,87
1,18,111
1,18,56
1,18,15
1,18,56
1,18,57
1,19,87
1,19,50
1,19,41
1,19,58
1,20,95
1,20,6
1,21,46
1,21,89
1,21,93
1,21,61
1,21,39
1,22,97
1,22,80
1,22,14
1,23,36
1,23,14
1,23,7
1,23,110
1,23,16
1,24,38
1,24,39
1,24,18
1,24,22
1,25,64
1,25,16
1,25,95
1,26,62
1,26,33
1,26,101
1,26,19
1,27,63
1,27,67
1,28,84
1,28,87
1,29,9
1,29,24
1,29,27
1,30,27
1,30,57
1,31,109
1,31,7
1,31,89
1,31,48
1,31,83
1,32,94
1,32,46
1,33,105
1,33,99
1,33,33
1,33,108
1,34,24
1,34,13
1,35,10
1,35,6
1,35,42
1,35,28
1,35,66
1,36,71
1,36,67
1,36,8
1,36,94
1,36,91
1,37,75
1,37,99
1,38,97
1,38,31
1,38,117
1,38,66
1,38,51
1,39,78
1,39,53
1,39,109
1,39,18
1,39,103
1,40,18
1,40,24
1,41,12
1,41,116
1,41,25
1,42,66
1,42,91
1,42,113
1,42,67
1,42,99
1,43,31
1,43,6
1,43,113
1,43,97
1,43,108
1,44,106
1,44,64
1,44,75
1,45,42
1,45,17
1,46,27
1,46,5
1,46,79
1,46,111
1,47,78
1,47,99
1,47,66
1,48,106
1,48,71
1,48,75
1,48,68
1,48,69
1,49,9
1,49,11
1,49,104
1,49,60
1,49,119
1,50,94
1,50,51
1,50,115
1,50,51
1,51,51
1,51,56
1,51,67
1,51,8
1,52,43
1,52,112
1,52,25
1,53,118
1,53,66
1,53,45
1,54,50
1,54,54
1,54,77
1,55,44
1,55,62
1,56,90
1,56,24
1,56,73
1,56,38
1,57,82
1,57,72
1,57,36
1,57,28
1,57,86
1,58,44
1,58,8
1,58,98
1,59,100
1,59,17
1,59,43
1,59,58
1,60,13
1,60,91
1,60,90
1,60,42
1,60,83
1,61,112
1,61,104
1,62,83
1,62,119
1,62,88
1,62,31
1,63,7
1,63,111
1,63,7
1,63,43
1,64,56
1,64,113
1,64,30
1,64,30
1,64,112
1,65,66
1,65,113
1,65,90
1,65,37
1,65,78
1,66,11
1,66,46
1,66,18
1,66,52
1,66,35
1,67,46
1,67,16
1,67,7
1,67,83
1,67,60
1,68,88
1,68,85
1,68,20
1,68,113
1,68,44
1,69,90
1,69,39
1,70,87
1,70,90
1,70,82
1,71,23
1,71,93
1,72,22
1,72,23
1,73,103
1,73,102
1,73,74
1,73,43
1,73,53
1,74,72
1,74,18
1,74,114
1,74,56
1,74,70
1,75,112
1,75,20
1,75,52
1,75,96
1,76,73
1,76,18
1,76,77
1,76,14
1,77,99
1,77,57
1,78,101
1,78,75
1,78,63
1,78,99
1,79,75
1,79,84
1,79,31
1,79,19
1,80,42
1,80,105
1,80,38
1,80,105
1,81,80
1,81,55
1,81,98
1,81,104
1,82,112
1,82,78
1,82,24
1,82,19
1,82,19
1,83,92
1,83,119
1,83,34
1,84,59
1,84,30
1,84,71
1,85,41
1,85,85
1,86,62
1,86,62
1,87,87
1,87,92
1,87,58
1,88,13
1,88,14
1,89,71
1,89,79
1,89,50
1,90,116
1,90,32
1,90,28
1,91,10
1,91,8
1,92,13
1,92,56
1,92,20
1,93,53
1,93,93
1,94,100
1,94,69
1,95,104
1,95,17
1,96,25
1,96,29
1,96,39
1,96,113
1,97,46
1,97,37
1,97,22
1,98,101
1,98,32
1,98,110
1,98,68
1,99,89
1,99,18
1,99,44
1,99,61
1,100,116
1,100,26
1,100,12
1,101,92
1,101,85
1,101,80
1,101,68
1,101,6
1,102,104
1,102,78
1,103,89
1,103,82
1,103,83
1,104,26
1,104,61
1,104,56
1,105,46
1,105,14
1,106,19
1,106,32
1,106,33
1,106,43
1,107,100
1,107,23
1,107,54
1,108,62
1,108,52
1,108,98
1,109,37
1,109,9
1,109,17
1,109,119
1,110,33
1,110,114
1,110,48
1,110,103
1,110,32
1,111,17
1,111,114
1,111,13
1,112,12
1,112,83
1,113,15
1,113,13
1,113,59
1,114,68
1,114,64
1,114,108
1,114,97
1,114,77
1,115,86
1,115,28
1,115,8
1,115,35
1,116,10
1,116,39
1,117,36
1,117,24
1,117,57
1,117,116
1,118,51
1,118,52
1,118,95
1,119,86
1,119,103
1,119,70
1,119,39
1,119,80
1,120,117
1,120,77
1,121,82
1,121,36
1,121,39
1,122,27
1,122,110
1,122,98
1,122,70
1,122,79
1,123,64
1,123,37
1,123,107
1,123,38
1,124,110
1,124,117
1,125,108
1,125,33
1,125,22
1,125,38
1,125,47
1,126,114
1,126,47
1,126,64
1,127,63
1,127,14
1,127,61
1,128,52
1,128,24
1,128,88
1,128,71
1,129,27
1,129,33
1,130,97
1,130,20
1,130,33
1,130,41
1,130,32
1,131,81
1,131,69
1,131,28
1,132,19
1,132,60
1,133,65
1,133,107
1,133,118
1,133,103
1,133,98
1,134,96
1,134,57
1,135,29
1,135,90
1,135,62
1,135,93
1,135,117
1,136,28
1,136,82
1,136,83
1,136,50
1,137,13
1,137,23
1,138,93
1,138,40
1,139,80
1,139,10
1,139,31
1,140,79
1,140,53
1,140,106
1,140,45
1,141,102
1,141,83
1,141,29
1,142,118
1,142,109
1,142,51
1,143,95
1,143,10
1,143,91
1,144,103
1,144,76
1,145,57
1,145,82
1,146,5
1,146,32
1,147,95
1,147,61
1,147,58
1,147,20
1,148,64
1,148,39
1,148,46
1,148,93
1,149,48
1,149,38
1,149,112
1,150,105
1,150,99
1,150,73
1,151,38
1,151,72
1,151,20
1,152,68
1,152,53
1,152,92
1,152,105
1,153,95
1,153,24
1,153,8
1,153,56
1,153,23
1,154,59
1,154,38
1,154,61
1,154,19
1,154,96
1,155,20
1,155,119
1,156,21
1,156,19
1,156,16
1,156,70
1,157,30
1,157,56
1,157,97
1,157,26
1,157,33
1,158,56
1,158,20
1,159,97
1,159,82
1,160,17
1,160,21
1,160,47
1,161,16
1,161,57
1,161,45
1,161,114
1,162,40
1,162,63
1,163,112
1,163,110
1,163,42
1,164,14
1,164,94
1,164,62
1,164,58
1,165,65
1,165,49
1,165,45
1,165,72
1,166,36
1,166,25
1,166,43
1,166,104
1,167,83
1,167,24
1,167,105
1,167,16
1,168,37
1,168,53
1,168,111
1,169,101
1,169,50
1,169,105
1,170,14
1,170,113
1,170,85
1,170,81
1,170,58
1,171,68
1,171,108
1,171,78
1,172,117
1,172,69
1,172,94
1,172,92
1,173,9
1,173,114
1,173,69
1,173,62
1,173,32
1,174,65
1,174,10
1,174,63
1,174,112
1,175,11
1,175,19
1,175,40
1,176,115
1,176,78
1,177,102
1,177,7
1,177,90
1,177,69
1,178,30
1,178,78
1,178,15
1,179,78
1,179,114
1,179,82
1,179,51
1,180,46
1,180,79
1,180,106
1,181,24
1,181,86
1,182,83
1,182,74
1,182,33
1,182,99
1,182,75
1,183,30
1,183,38
1,183,8
1,183,78
1,183,45
1,184,97
1,184,32
1,184,22
1,185,61
1,185,14
1,186,51
1,186,108
1,186,85
1,186,23
1,187,93
1,187,75
1,187,105
1,187,10
1,187,28
1,188,29
1,188,96
1,189,117
1,189,110
1,189,96
1,190,58
1,190,91
1,190,18
1,191,109
1,191,81
1,192,71
1,192,85
1,192,19
1,192,31
1,192,74
1,193,20
1,193,92
1,194,30
1,194,29
1,194,75
1,194,31
1,194,57
1,195,44
1,195,45
1,195,95
1,196,62
1,196,6
1,196,53
1,196,25
1,196,99
1,197,33
1,197,86
1,197,40
1,197,98
1,198,77
1,198,81
1,198,27
1,199,48
1,199,65
1,200,14
1,200,51
1,200,75
1,201,61
1,201,95
1,201,58
1,202,42
1,202,17
1,203,82
1,203,11
1,203,33
1,203,36
1,204,69
1,204,105
1,204,63
1,204,68
1,204,65
1,205,8
1,205,82
1,205,25
1,206,114
1,206,55
1,206,56
1,207,88
1,207,92
1,208,35
1,208,66
1,208,39
1,208,31
1,208,72
1,209,80
1,209,59
1,210,108
1,210,38
1,210,116
1,210,29
1,210,88
1,211,57
1,211,85
1,211,106
1,211,51
1,212,38
1,212,86
1,212,35
1,212,105
1,212,14
1,213,20
1,213,46
1,213,65
1,213,15
1,213,113
1,214,46
1,214,29
1,215,117
1,215,59
1,215,115
1,215,114
1,216,27
1,216,92
1,216,39
1,217,98
1,217,69
1,217,26
1,218,62
1,218,51
1,218,98
1,218,38
1,218,57
1,219,51
1,219,13
1,219,106
1,219,110
1,220,95
1,220,66
1,220,79
1,221,117
1,221,62
1,221,82
1,221,82
1,222,60
1,222,12
1,223,88
1,223,32
1,223,106
1,223,48
1,224,50
1,224,9
1,224,64
1,225,16
1,225,100
1,225,105
1,225,114
1,225,45
1,226,52
1,226,104
1,226,57
1,226,59
1,226,54
1,227,87
1,227,67
1,227,63
1,227,106
1,228,20
1,228,17
1,228,78
1,229,90
1,229,26
1,229,50
1,229,96
1,230,113
1,230,112
1,231,56
1,231,110
1,231,76
1,231,118
1,232,76
1,232,46
1,232,113
1,233,57
1,233,110
1,233,43
1,234,17
1,234,66
1,235,97
1,235,56
1,236,63
1,236,92
1,237,20
1,237,57
1,237,38
1,237,69
1,237,72
1,238,76
1,238,94
1,239,70
1,239,110
1,239,19
1,240,76
1,240,47
1,240,40
1,240,79
1,241,87
1,241,86
1,241,8
1,242,45
1,242,117
1,242,82
1,242,46
1,243,23
1,243,47
1,244,88
1,244,23
1,245,14
1,245,97
1,245,62
1,246,32
1,246,105
1,247,37
1,247,79
1,247,69
1,248,64
1,248,84
1,248,107
1,248,106
1,249,95
1,249,115
1,249,92
1,250,12
1,250,60
1,250,54
1,251,10
1,251,115
1,251,32
1,252,90
1,252,5
1,253,53
1,253,82
1,253,35
1,253,17
1,254,78
1,254,5
1,254,56
1,255,43
1,255,45
1,255,12
1,255,83
1,255,76
1,256,113
1,256,108
1,256,66
1,256,51
1,256,90
1,257,22
1,257,89
1,257,110
1,257,61
1,257,8
1,258,57
1,258,32
1,258,78
1,259,30
1,259,33
1,259,33
1,259,87
1,259,31
1,260,114
1,260,88
1,260,37
1,260,78
1,261,43
1,261,48
1,262,75
1,262,90
1,262,82
1,263,74
1,263,78
1,263,34
1,263,32
1,263,30
1,264,24
1,264,43
1,265,43
1,265,72
1,265,67
1,265,99
1,266,92
1,266,47
1,266,67
1,266,42
1,267,65
1,267,82
1,268,119
1,268,35
1,269,14
1,269,45
1,270,59
1,270,63
1,270,16
1,271,38
1,271,88
1,271,58
1,272,22
1,272,119
1,273,83
1,273,19
1,273,41
1,274,90
1,274,24
1,274,77
1,274,52
1,274,67
1,275,38
1,275,95
1,275,70
1,276,21
1,276,28
1,276,35
1,276,34
1,276,71
1,277,42
1,277,52
1,277,119
1,277,25
1,278,52
1,278,54
1,278,26
1,279,15
1,279,60
1,280,118
1,280,90
1,280,83
1,280,68
1,281,87
1,281,53
1,281,61
1,282,58
1,282,33
1,282,46
1,282,71
1,282,53
1,283,9
1,283,116
1,284,42
1,284,81
1,284,78
1,284,46
1,285,94
1,285,9
1,286,58
1,286,64
1,287,48
1,287,61
1,287,13
1,287,36
1,287,106
1,288,110
1,288,113
1,288,109
1,288,67
1,288,41
1,289,75
1,289,15
1,289,25
1,290,15
1,290,55
1,290,117
1,291,119
1,291,35
1,291,111
1,291,63
1,291,105
1,292,24
1,292,70
1,293,92
1,293,19
1,293,7
1,293,77
1,294,6
1,294,103
1,294,28
1,295,108
1,295,102
1,295,11
1,296,118
1,296,78
1,297,54
1,297,68
1,297,96
1,298,28
1,298,119
1,298,66
1,299,55
1,299,57
1,299,83
1,299,87
1,299,110
1,300,61
1,300,56
1,300,110
1,301,25
1,301,99
1,301,40
1,301,21
1,302,12
1,302,16
1,302,16
1,303,42
1,303,52
1,303,54
1,303,102
1,303,99
1,304,80
1,304,45
1,304,106
1,304,117
1,305,14
1,305,86
1,305,52
1,306,105
1,306,69
1,307,46
1,307,103
1,307,37
1,307,71
1,308,51
1,308,76
1,309,19
1,309,55
1,309,60
1,309,10
1,309,35
1,310,78
1,310,66
1,310,18
1,311,44
1,311,40
1,311,100
1,311,59
1,312,99
1,312,88
1,313,113
1,313,97
1,313,30
1,313,16
1,314,67
1,314,6
1,314,75
1,314,110
1,314,48
1,315,91
1,315,60
1,315,82
1,316,111
1,316,70
1,317,92
1,317,23
1,317,70
1,317,71
1,318,89
1,318,61
1,318,54
1,319,45
1,319,94
1,320,104
1,320,16
1,321,76
1,321,93
1,321,101
1,322,101
1,322,55
1,322,53
1,322,111
1,322,46
1,323,91
1,323,37
1,323,102
1,323,39
1,323,11
1,324,10
1,324,28
1,324,107
1,325,40
1,325,108
1,326,118
1,326,96
1,326,53
1,326,58
1,326,95
1,327,26
1,327,66
1,327,42
1,327,23
1,327,97
1,328,47
1,328,29
1,329,100
1,329,53
1,329,71
1,329,71
1,329,118
1,330,15
1,330,65
1,330,107
1,330,59
1,331,58
1,331,23
1,332,9
1,332,118
1,332,66
1,333,37
1,333,46
1,333,107
1,334,91
1,334,8
1,335,62
1,335,42
1,335,60
1,335,6
1,336,64
1,336,22
1,336,37
1,336,50
1,336,67
1,337,96
1,337,43
1,337,28
1,337,76
1,337,95
1,338,78
1,338,70
1,339,33
1,339,108
1,339,5
1,339,27
1,339,82
1,340,70
1,340,54
1,341,24
1,341,85
1,341,40
1,341,66
1,341,11
1,342,87
1,342,99
1,342,6
1,342,16
1,342,94
1,343,92
1,343,15
1,344,109
1,344,9
1,344,15
1,344,80
1,344,85
1,345,45
1,345,43
1,345,24
1,345,108
1,345,42
1,346,13
1,346,84
1,346,44
1,347,29
1,347,48
1,347,41
1,347,117
1,347,16
1,348,12
1,348,112
1,349,96
1,349,119
1,349,76
1,350,32
1,350,82
1,350,112
1,350,28
1,351,33
1,351,67
1,351,61
1,352,14
1,352,99
1,352,84
1,353,29
1,353,37
1,353,62
1,354,21
1,354,19
1,354,29
1,355,117
1,355,30
1,355,64
1,355,110
1,355,27
1,356,38
1,356,86
1,356,112
1,357,54
1,357,45
1,357,5
1,357,6
1,358,69
1,358,74
1,359,48
1,359,63
1,359,102
1,359,87
1,360,116
1,360,101
1,360,48
1,360,112
1,361,47
1,361,96
1,361,42
1,362,100
1,362,39
1,362,100
1,362,58
1,362,67
1,363,104
1,363,113
1,363,5
1,363,11
1,363,15
1,364,29
1,364,109
1,364,71
1,364,111
1,364,15
1,365,9
1,365,108
1,365,60
1,365,114
1,365,39
1,366,46
1,366,84
1,366,19
1,367,21
1,367,6
1,367,67
1,367,43
1,367,52
1,368,38
1,368,23
1,369,109
1,369,67
1,369,94
1,369,22
1,369,59
1,370,62
1,370,63
1,370,77
1,370,58
1,371,65
1,371,29
1,372,24
1,372,15
1,372,113
1,373,79
1,373,119
1,373,106
1,373,63
1,373,117
1,374,106
1,374,62
1,374,30
1,374,75
1,375,109
1,375,17
1,376,85
1,376,33
1,376,92
1,376,33
1,377,38
1,377,117
1,377,37
1,377,75
1,377,54
1,378,84
1,378,33
1,378,52
1,378,28
1,378,79
1,379,111
1,379,21
1,380,93
1,380,32
1,380,62
1,381,57
1,381,80
1,381,114
1,381,111
1,381,43
1,382,25
1,382,62
1,382,12
1,382,70
1,382,112
1,383,112
1,383,99
1,384,28
1,384,110
1,384,101
1,384,37
1,385,27
1,385,93
1,385,56
1,385,37
1,385,98
1,386,110
1,386,40
1,386,39
1,386,62
1,387,92
1,387,101
1,388,70
1,388,73
1,388,19
1,389,71
1,389,73
1,389,5
1,390,84
1,390,59
1,390,46
1,390,31
1,390,56
1,391,17
1,391,35
1,392,98
1,392,9
1,393,55
1,393,118
1,393,25
1,393,62
1,394,73
1,394,110
1,394,93
1,394,41
1,394,15
1,395,18
1,395,57
1,396,62
1,396,82
1,396,100
1,396,45
1,397,91
1,397,53
1,398,6
1,398,111
1,398,109
1,399,106
1,399,76
1,399,80
1,400,26
1,400,85
1,400,72
1,401,15
1,401,98
1,402,35
1,402,88
1,402,65
1,402,75
1,402,53
1,403,40
1,403,86
1,403,65
1,403,107
1,404,25
1,404,49
1,404,86
1,404,16
1,405,43
1,405,58
1,406,94
1,406,114
1,407,64
1,407,113
1,407,46
1,407,26
1,407,71
1,408,81
1,408,12
1,408,21
1,408,91
1,408,90
1,409,116
1,409,81
1,409,45
1,409,36
1,409,44
1,410,59
1,410,39
1,411,21
1,411,69
1,411,84
1,411,36
1,411,19
1,412,115
1,412,62
1,412,17
1,413,51
1,413,38
1,413,10
1,414,76
1,414,60
1,414,45
1,415,49
1,415,67
1,415,19
1,415,88
1,415,71
1,416,76
1,416,15
1,416,29
1,416,94
1,417,68
1,417,97
1,417,25
1,417,47
1,417,58
1,418,53
1,418,62
1,418,119
1,418,74
1,418,45
1,419,115
1,419,29
1,420,39
1,420,82
1,420,116
1,421,77
1,421,56
1,421,104
1,421,59
1,421,32
1,422,110
1,422,114
1,422,93
1,422,43
1,422,115
1,423,23
1,423,111
1,423,17
1,423,14
1,424,113
1,424,81
1,424,107
1,424,23
1,424,30
1,425,48
1,425,39
1,426,14
1,426,118
1,426,112
1,427,57
1,427,108
1,427,67
1,427,99
1,427,45
1,428,107
1,428,26
1,428,118
1,428,20
1,428,103
1,429,33
1,429,119
1,429,20
1,430,68
1,430,12
1,430,110
1,431,21
1,431,116
1,431,22
1,432,109
1,432,103
1,432,101
1,432,20
1,433,8
1,433,104
1,433,31
1,433,98
1,434,105
1,434,5
1,434,109
1,434,29
1,434,23
1,435,14
1,435,75
1,435,81
1,435,18
1,436,100
1,436,12
1,436,54
1,437,80
1,437,14
1,437,33
1,437,102
1,438,61
1,438,80
1,438,42
1,438,40
1,439,76
1,439,104
1,440,32
1,440,79
1,440,91
1,441,80
1,441,66
1,441,19
1,442,118
1,442,31
1,443,49
1,443,77
1,443,28
1,444,32
1,444,100
1,444,56
1,444,86
1,444,8
1,445,13
1,445,73
1,445,73
1,445,7
1,445,43
1,446,100
1,446,26
1,446,37
1,447,64
1,447,17
1,448,52
1,448,51
1,449,74
1,449,27
1,449,22
1,449,62
1,450,37
1,450,25
1,450,60
1,451,7
1,451,46
1,451,65
1,451,31
1,452,77
1,452,77
1,453,46
1,453,38
1,453,91
1,453,108
1,454,26
1,454,10
1,454,21
1,454,51
1,455,103
1,455,90
1,455,103
1,455,57
1,456,79
1,456,45
1,456,61
1,456,109
1,457,107
1,457,16
1,458,38
1,458,50
1,458,115
1,458,111
1,458,116
1,459,15
1,459,109
1,459,19
1,459,29
1,459,44
1,460,63
1,460,87
1,460,76
1,460,54
1,460,63
1,461,116
1,461,66
1,461,104
1,462,89
1,462,26
1,463,18
1,463,116
1,463,67
1,463,57
1,464,9
1,464,5
1,465,69
1,465,54
1,465,91
1,466,62
1,466,48
1,466,115
1,466,52
1,466,66
1,467,67
1,467,83
1,467,116
1,467,111
1,468,42
1,468,115
1,469,96
1,469,97
1,469,16
1,470,93
1,470,118
1,470,110
1,470,31
1,471,5
1,471,84
1,472,89
1,472,65
1,472,96
1,472,6
1,473,107
1,473,46
1,473,29
1,474,15
1,474,12
1,475,112
1,475,46
1,475,42
1,475,31
1,475,43
1,476,24
1,476,71
1,477,41
1,477,93
1,477,46
1,477,67
1,477,17
1,478,74
1,478,92
1,478,33
1,478,61
1,479,91
1,479,76
1,479,116
1,479,15
1,479,80
1,480,74
1,480,56
1,480,18
1,480,12
1,480,86
1,481,96
1,481,68
1,481,49
1,481,29
1,481,50
1,482,27
1,482,36
1,482,6
1,482,34
1,483,107
1,483,32
1,483,49
1,484,115
1,484,19
1,484,13
1,484,66
1,485,80
1,485,101
1,485,71
1,485,12
1,485,108
1,486,41
1,486,16
1,486,56
1,486,75
1,486,118
1,487,47
1,487,36
1,487,110
1,487,65
1,487,33
1,488,31
1,488,15
1,488,26
1,488,44
1,489,68
1,489,55
1,489,86
1,489,13
1,489,17
1,490,8
1,490,89
1,491,48
1,491,105
1,491,77
1,492,40
1,492,31
1,492,89
1,492,95
1,492,5
1,493,67
1,493,113
1,493,10
1,494,72
1,494,78
1,495,107
1,495,81
1,496,38
1,496,26
1,496,32
1,497,67
1,497,116
1,498,82
1,498,25
1,498,15
1,499,106
1,499,5
1,499,90
1,499,66
1,500,6
1,500,88
1,500,49
1,500,5
1,500,90
1,501,76
1,501,103
1,501,33
1,501,104
1,501,85
1,502,7
1,502,63
1,503,13
1,503,67
1,503,7
1,503,8
1,503,105
1,504,15
1,504,85
1,504,75
1,504,39
1,504,34
1,505,18
1,505,12
1,506,20
1,506,34
1,507,81
1,507,13
1,507,26
1,507,70
1,508,96
1,508,97
1,509,104
1,509,87
1,509,38
1,509,9
1,509,7
1,510,22
1,510,75
1,510,48
1,511,17
1,511,93
1,511,114
1,511,116
1,511,82
1,512,116
1,512,95
1,513,69
1,513,108
1,513,99
1,513,46
1,513,70
1,514,42
1,514,35
1,514,37
1,514,114
1,515,40
1,515,35
1,516,52
1,516,39
1,516,86
1,516,93
1,516,11
1,517,73
1,517,50
1,517,8
1,517,95
1,517,10
1,518,96
1,518,119
1,519,84
1,519,44
1,519,94
1,519,32
1,520,90
1,520,25
1,520,112
1,521,44
1,521,49
1,522,109
1,522,54
1,522,110
1,522,30
1,523,39
1,523,88
1,523,6
1,524,50
1,524,32
1,524,74
1,524,80
1,524,5
1,525,43
1,525,24
1,526,13
1,526,27
1,526,30
1,527,93
1,527,11
1,527,65
1,527,24
1,528,7
1,528,73
1,528,18
1,529,85
1,529,25
1,529,72
1,529,118
1,530,41
1,530,115
1,530,88
1,530,55
1,530,51
1,531,55
1,531,23
1,531,57
1,531,80
1,532,78
1,532,20
1,533,70
1,533,11
1,533,28
1,534,86
1,534,96
1,534,70
1,534,68
1,535,82
1,535,66
1,535,74
1,535,17
1,536,106
1,536,50
1,536,89
1,536,18
1,537,20
1,537,118
1,537,116
1,537,109
1,538,69
1,538,82
1,538,41
1,539,72
1,539,27
1,539,67
1,540,86
1,540,55
1,540,36
1,541,46
1,541,66
1,542,44
1,542,6
1,542,84
1,542,82
1,543,31
1,543,26
1,543,67
1,544,110
1,544,43
1,544,40
1,544,105
1,545,93
1,545,44
1,545,84
1,546,31
1,546,62
1,546,15
1,546,14
1,546,37
1,547,71
1,547,78
1,547,82
1,547,29
1,547,94
1,548,101
1,548,86
1,548,37
1,549,60
1,549,12
1,549,31
1,549,53
1,549,72
1,550,8
1,550,72
1,550,7
1,551,43
1,551,38
1,551,64
1,551,49
1,551,54
1,552,118
1,552,101
1,553,83
1,553,105
1,553,117
1,553,88
1,554,86
1,554,79
1,554,117
1,555,31
1,555,63
1,555,111
1,555,25
1,556,108
1,556,44
1,556,110
1,556,30
1,557,97
1,557,76
1,557,54
1,557,49
1,557,26
1,558,48
1,558,97
1,558,88
1,558,20
1,559,31
1,559,100
1,559,11
1,559,15
1,560,6
1,560,103
1,561,63
1,561,44
1,561,59
1,561,36
1,561,89
1,562,84
1,562,41
1,562,69
1,562,56
1,563,97
1,563,21
1,563,6
1,564,40
1,564,51
1,564,110
1,564,101
1,564,42
1,565,74
1,565,14
1,565,56
1,565,102
1,566,114
1,566,76
1,566,22
1,567,50
1,567,47
1,567,50
1,568,106
1,568,38
1,568,46
1,569,9
1,569,22
1,569,58
1,570,5
1,570,67
1,570,67
1,570,80
1,571,43
1,571,18
1,571,23
1,572,76
1,572,110
1,573,24
1,573,19
1,573,9
1,573,47
1,573,24
1,574,37
1,574,14
1,574,28
1,575,104
1,575,80
1,575,29
1,576,63
1,576,21
1,576,79
1,576,53
1,577,65
1,577,78
1,578,82
1,578,27
1,578,59
1,578,64
1,578,106
1,579,13
1,579,101
1,580,83
1,580,105
1,580,6
1,580,5
1,580,47
1,581,80
1,581,118
1,582,49
1,582,27
1,582,27
1,582,39
1,583,41
1,583,21
1,583,21
1,583,74
1,583,51
1,584,108
1,584,115
1,584,83
1,585,24
1,585,35
1,585,34
1,585,32
1,585,101
1,586,113
1,586,82
1,586,82
1,586,61
1,587,95
1,587,56
1,587,95
1,587,81
1,587,109
1,588,63
1,588,111
1,588,88
1,589,42
1,589,83
1,589,43
1,590,38
1,590,74
1,590,98
1,590,106
1,590,31
1,591,61
1,591,70
1,591,102
1,591,9
1,592,59
1,592,70
1,592,64
1,592,48
1,593,37
1,593,79
1,593,20
1,593,49
1,594,97
1,594,13
1,594,77
1,594,69
1,595,17
1,595,22
1,595,35
1,595,77
1,595,9
1,596,61
1,596,103
1,596,80
1,596,60
1,597,108
1,597,27
1,597,97
1,597,119
1,597,107
1,598,111
1,598,89
1,598,112
1,599,65
1,599,69
1,599,39
1,600,17
1,600,42
1,601,73
1,601,31
1,601,31
1,601,9
1,601,81
1,602,108
1,602,44
1,603,102
1,603,49
1,603,86
1,603,50
1,604,111
1,604,70
1,604,50
1,605,37
1,605,12
1,605,59
1,605,44
1,606,48
1,606,99
1,606,50
1,607,84
1,607,19
1,608,18
1,608,74
1,608,99
1,609,32
1,609,81
1,610,88
1,610,6
1,610,40
1,610,56
1,611,86
1,611,117
1,611,37
1,611,94
1,612,86
1,612,28
1,613,46
1,613,100
1,613,28
1,614,13
1,614,63
1,614,92
1,614,119
1,614,85
1,615,7
1,615,78
1,616,10
1,616,39
1,617,118
1,617,66
1,617,100
1,617,83
1,617,17
1,618,77
1,618,37
1,619,63
1,619,7
1,619,68
1,619,34
1,619,107
1,620,93
1,620,103
1,620,40
1,620,41
1,620,79
1,621,81
1,621,116
1,622,113
1,622,35
1,622,58
1,622,106
1,623,20
1,623,33
1,623,8
1,624,91
1,624,91
1,624,10
1,625,14
1,625,6
1,625,5
1,626,35
1,626,55
1,626,103
1,627,93
1,627,115
1,627,90
1,627,6
1,627,118
1,628,33
1,628,117
1,628,33
1,629,79
1,629,42
1,629,47
1,629,62
1,630,21
1,630,62
1,631,63
1,631,109
1,631,12
1,631,61
1,631,47
1,632,64
1,632,100
1,632,72
1,632,90
1,632,24
1,633,109
1,633,21
1,633,80
1,633,101
1,633,49
1,634,109
1,634,95
1,634,95
1,634,17
1,634,39
1,635,19
1,635,46
1,635,28
1,635,16
1,636,9
1,636,38
1,636,78
1,637,98
1,637,99
1,637,102
1,637,57
1,638,7
1,638,86
1,638,98
1,638,79
1,639,23
1,639,115
1,639,100
1,640,113
1,640,105
1,640,27
1,641,68
1,641,65
1,642,72
1,642,12
1,643,58
1,643,101
1,643,23
1,644,59
1,644,103
1,644,68
1,645,31
1,645,98
1,645,37
1,646,106
1,646,77
1,646,37
1,647,93
1,647,104
1,648,68
1,648,23
1,648,18
1,648,42
1,648,70
1,649,54
1,649,20
1,649,48
1,649,6
1,650,118
1,650,21
1,651,19
1,651,92
1,651,98
1,651,70
1,652,22
1,652,14
1,652,30
1,652,80
1,653,100
1,653,83
1,653,20
1,653,44
1,653,73
1,654,15
1,654,41
1,654,87
1,654,112
1,654,15
1,655,84
1,655,72
1,655,40
1,655,111
1,656,43
1,656,19
1,656,40
1,656,86
1,657,118
1,657,82
1,657,104
1,657,112
1,658,80
1,658,40
1,659,27
1,659,85
1,660,15
1,660,104
1,660,8
1,661,79
1,661,5
1,661,98
1,661,66
1,662,63
1,662,61
1,662,60
1,662,91
1,663,86
1,663,39
1,663,12
1,663,42
1,663,40
1,664,74
1,664,108
1,665,96
1,665,24
1,665,42
1,666,41
1,666,106
1,667,55
1,667,52
1,667,35
1,667,19
1,667,32
1,668,39
1,668,36
1,668,7
1,668,75
1,668,54
1,669,51
1,669,10
1,670,75
1,670,83
1,670,42
1,670,87
1,671,90
1,671,10
1,671,63
1,671,92
1,671,87
1,672,66
1,672,68
1,672,54
1,672,39
1,672,114
1,673,21
1,673,97
1,674,81
1,674,29
1,674,11
1,675,50
1,675,87
1,676,84
1,676,107
1,676,69
1,676,91
1,677,22
1,677,11
1,678,30
1,678,119
1,678,34
1,678,110
1,679,82
1,679,88
1,679,112
1,680,60
1,680,97
1,681,95
1,681,68
1,681,99
1,682,15
1,682,55
1,683,40
1,683,30
1,683,107
1,683,117
1,683,37
1,684,93
1,684,30
1,684,97
1,685,27
1,685,109
1,685,104
1,685,55
1,685,114
1,686,92
1,686,8
1,686,82
1,686,47
1,687,83
1,687,60
1,687,79
1,688,107
1,688,78
1,688,75
1,688,71
1,689,68
1,689,80
1,689,75
1,690,18
1,690,116
1,690,116
1,691,78
1,691,34
1,691,88
1,692,107
1,692,61
1,692,103
1,692,117
1,692,15
1,693,35
1,693,53
1,693,14
1,694,90
1,694,94
1,694,60
1,695,20
1,695,111
1,695,24
1,696,95
1,696,39
1,696,68
1,697,113
1,697,87
1,697,105
1,697,29
1,697,96
1,698,29
1,698,35
1,699,79
1,699,18
1,699,83
1,699,26
1,699,86
1,700,81
1,700,11
1,700,108
1,700,101
1,700,51
1,701,54
1,701,84
1,702,49
1,702,110
1,702,54
1,702,39
1,703,108
1,703,51
1,703,50
1,704,81
1,704,100
1,704,8
1,704,62
1,705,91
1,705,118
1,705,51
1,705,115
1,705,25
1,706,32
1,706,18
1,707,74
1,707,11
1,708,96
1,708,18
1,708,78
1,709,107
1,709,90
1,709,15
1,709,95
1,710,66
1,710,9
1,710,54
1,710,76
1,710,91
1,711,14
1,711,118
1,711,98
1,711,32
1,711,29
1,712,19
1,712,88
1,713,11
1,713,71
1,713,54
1,713,58
1,714,56
1,714,68
1,714,45
1,715,54
1,715,23
1,715,86
1,716,117
1,716,22
1,716,82
1,716,50
1,717,65
1,717,36
1,717,72
1,717,44
1,717,12
1,718,63
1,718,21
1,718,76
1,719,6
1,719,27
1,719,59
1,720,78
1,720,95
1,721,55
1,721,65
1,721,91
1,721,59
1,722,93
1,722,58
1,722,15
1,722,18
1,722,16
1,723,9
1,723,44
1,724,64
1,724,112
1,724,19
1,725,112
1,725,82
1,725,30
1,725,112
1,726,56
1,726,16
1,726,63
1,726,63
1,726,68
1,727,98
1,727,111
1,727,59
1,727,40
1,728,80
1,728,8
1,728,99
1,729,101
1,729,9
1,729,115
1,730,15
1,730,38
1,731,81
1,731,68
1,731,117
1,732,16
1,732,62
1,732,92
1,732,5
1,732,86
1,733,12
1,733,112
1,733,11
1,733,11
1,733,103
1,734,103
1,734,67
1,735,71
1,735,68
1,736,78
1,736,71
1,736,48
1,737,85
1,737,114
1,737,90
1,738,17
1,738,27
1,738,71
1,738,44
1,738,95
1,739,114
1,739,119
1,740,68
1,740,5
1,740,32
1,740,61
1,740,70
1,741,15
1,741,80
1,742,116
1,742,114
1,742,96
1,742,117
1,743,57
1,743,67
1,744,48
1,744,74
1,744,65
1,744,35
1,744,71
1,745,54
1,745,42
1,746,42
1,746,66
1,746,60
1,746,52
1,747,39
1,747,49
1,747,38
1,747,70
1,747,65
1,748,49
1,748,41
1,749,113
1,749,87
1,749,30
1,749,14
1,750,58
1,750,109
1,751,9
1,751,18
1,752,10
1,752,98
1,753,105
1,753,23
1,754,20
1,754,100
1,755,83
1,755,11
1,755,86
1,755,74
1,755,81
1,756,103
1,756,58
1,756,90
1,757,71
1,757,56
1,758,109
1,758,93
1,759,112
1,759,13
1,759,66
1,760,14
1,760,9
1,760,98
1,761,37
1,761,30
1,762,78
1,762,91
1,762,35
1,763,93
1,763,13
1,763,41
1,763,114
1,763,54
1,764,112
1,764,41
1,765,68
1,765,35
1,766,44
1,766,75
1,766,73
1,767,76
1,767,13
1,768,119
1,768,108
1,768,27
1,769,59
1,769,25
1,769,44
1,770,101
1,770,52
1,770,72
1,770,61
1,771,66
1,771,54
1,771,13
1,771,116
1,771,116
1,772,34
1,772,22
1,772,72
1,772,79
1,772,107
1,773,42
1,773,75
1,773,79
1,774,10
1,774,9
1,774,90
1,774,63
1,775,42
1,775,22
1,775,25
1,776,78
1,776,8
1,776,104
1,776,43
1,776,115
1,777,96
1,777,58
1,778,52
1,778,64
1,778,35
1,779,87
1,779,98
1,779,83
1,780,89
1,780,61
1,780,15
1,780,49
1,780,79
1,781,18
1,781,38
1,781,17
1,781,53
1,782,44
1,782,54
1,782,24
1,782,48
1,783,7
1,783,96
1,784,44
1,784,69
1,785,60
1,785,56
1,786,111
1,786,84
1,786,32
1,786,100
1,787,81
1,787,46
1,787,11
1,787,65
1,787,56
1,788,81
1,788,91
1,788,64
1,788,74
1,789,17
1,789,104
1,789,58
1,790,37
1,790,73
1,790,5
1,790,82
1,791,99
1,791,69
1,792,77
1,792,110
1,792,91
1,793,44
1,793,87
1,794,93
1,794,25
1,795,22
1,795,85
1,796,48
1,796,57
1,796,115
1,796,29
1,797,95
1,797,63
1,798,50
1,798,68
1,798,40
1,799,85
1,799,90
1,799,79
1,799,92
1,799,89
1,800,64
1,800,69
1,801,109
1,801,25
1,801,18
1,801,21
1,801,84
1,802,114
1,802,29
1,802,81
1,803,5
1,803,104
1,803,30
1,803,116
1,803,40
1,804,29
1,804,108
1,805,41
1,805,111
1,805,87
1,805,20
1,805,15
1,806,108
1,806,74
1,806,21
1,806,75
1,807,63
1,807,96
1,807,112
1,808,34
1,808,45
1,809,38
1,809,35
1,809,116
1,809,96
1,810,56
1,810,98
1,810,110
1,810,6
1,811,67
1,811,77
1,812,9
1,812,7
1,812,109
1,813,41
1,813,19
1,813,40
1,813,64
1,813,45
1,814,63
1,814,91
1,814,106
1,814,49
1,815,15
1,815,45
1,815,105
1,815,57
1,815,92
1,816,84
1,816,70
1,816,42
1,817,83
1,817,71
1,818,67
1,818,103
1,818,80
1,819,34
1,819,62
1,820,6
1,820,110
1,820,38
1,821,92
1,821,50
1,821,49
1,821,27
1,822,50
1,822,55
1,822,88
1,823,8
1,823,98
1,824,95
1,824,41
1,825,60
1,825,109
1,825,84
1,825,106
1,826,81
1,826,105
1,826,27
1,827,59
1,827,23
1,827,98
1,828,47
1,828,78
1,828,11
1,829,103
1,829,21
1,829,72
1,829,104
1,830,108
1,830,59
1,830,26
1,831,14
1,831,21
1,831,109
1,831,88
1,831,87
1,832,55
1,832,7
1,832,117
1,832,66
1,832,80
1,833,115
1,833,53
1,833,106
1,834,100
1,834,20
1,835,12
1,835,18
1,835,113
1,835,88
1,836,95
1,836,44
1,837,111
1,837,92
1,838,32
1,838,79
1,838,60
1,838,69
1,838,89
1,839,71
1,839,84
1,839,51
1,839,10
1,840,10
1,840,5
1,841,60
1,841,102
1,842,36
1,842,7
1,843,48
1,843,100
1,844,100
1,844,35
1,844,40
1,845,83
1,845,119
1,845,10
1,845,96
1,846,76
1,846,43
1,846,75
1,847,108
1,847,48
1,848,14
1,848,14
1,848,108
1,848,68
1,849,118
1,849,61
1,849,71
1,850,28
1,850,17
1,851,95
1,851,70
1,851,73
1,851,26
1,852,22
1,852,40
1,853,21
1,853,9
1,853,20
1,854,69
1,854,71
1,854,113
1,854,19
1,854,67
1,855,88
1,855,47
1,855,50
1,855,47
1,855,53
1,856,78
1,856,7
1,856,115
1,856,95
1,856,102
1,857,39
1,857,29
1,858,11
1,858,113
1,858,55
1,858,13
1,858,108
1,859,57
1,859,34
1,859,65
1,859,75
1,860,40
1,860,75
1,860,82
1,860,90
1,861,71
1,861,118
1,861,116
1,861,76
1,861,72
1,862,62
1,862,107
1,863,56
1,863,75
1,863,62
1,863,94
1,864,98
1,864,82
1,864,53
1,865,8
1,865,66
1,866,70
1,866,64
1,867,74
1,867,57
1,868,88
1,868,66
1,868,65
1,868,19
1,869,119
1,869,35
1,870,22
1,870,44
1,870,23
1,870,18
1,870,54
1,871,7
1,871,58
1,871,91
1,871,99
1,872,117
1,872,110
1,872,61
1,872,31
1,873,107
1,873,74
1,874,108
1,874,10
1,875,15
1,875,21
1,875,108
1,876,109
1,876,110
1,876,23
1,877,23
1,877,19
1,877,107
1,878,83
1,878,90
1,878,67
1,878,81
1,878,68
1,879,12
1,879,57
1,879,36
1,879,85
1,879,28
1,880,114
1,880,22
1,880,99
1,880,63
1,881,17
1,881,93
1,881,35
1,882,93
1,882,55
1,882,6
1,883,21
1,883,32
1,884,23
1,884,23
1,884,103
1,884,105
1,885,7
1,885,110
1,885,10
1,885,101
1,886,101
1,886,110
1,886,72
1,887,74
1,887,63
1,887,54
1,888,41
1,888,76
1,888,79
1,888,82
1,889,112
1,889,22
1,889,76
1,889,118
1,890,62
1,890,105
1,890,72
1,891,74
1,891,78
1,892,75
1,892,63
1,892,41
1,892,30
1,893,54
1,893,95
1,894,61
1,894,100
1,894,86
1,895,58
1,895,33
1,895,9
1,896,25
1,896,82
1,897,107
1,897,44
1,897,12
1,898,96
1,898,89
1,899,107
1,899,111
1,899,92
1,899,111
1,900,100
1,900,111
1,900,16
1,900,13
1,901,85
1,901,82
1,901,56
1,901,15
1,901,26
1,902,81
1,902,57
1,903,115
1,903,107
1,903,49
1,903,76
1,904,18
1,904,25
1,904,64
1,904,118
1,904,26
1,905,98
1,905,88
1,905,102
1,905,65
1,905,18
1,906,115
1,906,22
1,907,31
1,907,20
1,907,87
1,908,23
1,908,90
1,908,76
1,909,114
1,909,40
1,909,96
1,910,18
1,910,23
1,910,102
1,911,90
1,911,38
1,912,11
1,912,19
1,913,107
1,913,43
1,914,61
1,914,48
1,915,54
1,915,62
1,915,89
1,916,32
1,916,80
1,917,36
1,917,93
1,917,76
1,917,61
1,917,102
1,918,106
1,918,93
1,919,98
1,919,97
1,919,24
1,920,62
1,920,31
1,921,77
1,921,31
1,921,39
1,921,55
1,921,70
1,922,37
1,922,11
1,922,77
1,922,119
1,922,108
1,923,68
1,923,115
1,923,42
1,924,24
1,924,70
1,924,73
1,924,27
1,925,106
1,925,22
1,925,6
1,926,21
1,926,24
1,927,87
1,927,94
1,927,19
1,927,10
1,927,71
1,928,76
1,928,81
1,929,60
1,929,47
1,929,21
1,930,47
1,930,56
1,930,56
1,930,35
1,931,110
1,931,16
1,932,44
1,932,9
1,933,62
1,933,83
1,934,31
1,934,39
1,935,108
1,935,78
1,935,65
1,936,105
1,936,81
1,937,71
1,937,55
1,937,17
1,938,104
1,938,61
1,938,48
1,939,55
1,939,67
1,939,20
1,939,105
1,940,11
1,940,13
1,941,9
1,941,96
1,941,89
1,941,104
1,942,100
1,942,31
1,943,56
1,943,74
1,943,36
1,943,80
1,944,81
1,944,110
1,945,12
1,945,74
1,945,37
1,945,115
1,946,24
1,946,81
1,946,104
1,946,33
1,946,85
1,947,116
1,947,69
1,947,113
1,948,25
1,948,103
1,949,18
1,949,83
1,949,19
1,949,29
1,950,100
1,950,53
1,950,14
1,950,26
1,950,111
1,951,88
1,951,8
1,951,95
1,951,105
1,951,32
1,952,28
1,952,53
1,953,106
1,953,13
1,953,52
1,953,23
1,954,96
1,954,101
1,954,10
1,954,13
1,955,100
1,955,52
1,956,67
1,956,111
1,956,76
1,957,112
1,957,111
1,957,28
1,958,99
1,958,88
1,958,32
1,958,107
1,958,101
1,959,96
1,959,81
1,959,24
1,959,76
1,960,114
1,960,106
1,960,117
1,960,44
1,961,99
1,961,107
1,962,55
1,962,54
1,962,88
1,962,113
1,963,31
1,963,56
1,964,24
1,964,67
1,965,106
1,965,74
1,965,113
1,965,7
1,965,57
1,966,43
1,966,98
1,966,76
1,967,89
1,967,101
1,967,74
1,967,40
1,967,60
1,968,118
1,968,28
1,968,107
1,968,34
1,968,15
1,969,5
1,969,61
1,970,85
1,970,24
1,970,48
1,970,104
1,970,48
1,971,58
1,971,80
1,972,70
1,972,112
1,972,81
1,972,113
1,973,86
1,973,73
1,973,104
1,973,88
1,974,27
1,974,83
1,975,118
1,975,17
1,976,69
1,976,78
1,976,79
1,976,12
1,976,33
1,977,48
1,977,9
1,977,92
1,978,52
1,978,49
1,978,26
1,979,115
1,979,118
1,979,37
1,979,41
1,980,5
1,980,38
1,980,22
1,981,50
1,981,36
1,981,118
1,981,34
1,982,42
1,982,109
1,982,82
1,982,43
1,983,62
1,983,54
1,983,75
1,983,44
1,983,59
1,984,80
1,984,22
1,984,74
1,985,60
1,985,63
1,985,41
1,985,34
1,986,47
1,986,36
1,986,75
1,986,73
1,987,55
1,987,95
1,988,84
1,988,5
1,988,45
1,988,11
1,988,70
1,989,54
1,989,45
1,989,36
1,989,26
1,989,87
1,990,118
1,990,48
1,990,61
1,990,106
1,991,49
1,991,57
1,992,30
1,992,47
1,992,108
1,993,19
1,993,51
1,994,43
1,994,63
1,995,44
1,995,25
1,995,108
1,995,95
1,995,81
1,996,56
1,996,68
1,996,10
1,996,18
1,996,32
1,997,110
1,997,31
1,997,53
1,997,28
1,998,18
1,998,119
1,998,75
1,998,36
1,998,9
1,999,100
1,999,83
1,999,114
1,999,90
1,1000,90
1,1000,16
1,1000,33
1,1000,92
1,1000,14
2,1,79
2,1,62
2,1,15
2,1,41
2,2,47
2,2,46
2,3,84
2,3,117
2,3,119
2,3,95
2,3,106
2,4,96
2,4,119
2,4,22
2,5,110
2,5,118
2,5,60
2,6,5
2,6,107
2,6,98
2,7,6
2,7,24
2,7,16
2,8,86
2,8,58
2,8,9
2,9,83
2,9,54
2,10,10
2,10,23
2,11,37
2,11,74
2,11,58
2,12,23
2,12,6
2,12,39
2,12,63
2,13,35
2,13,80
2,13,61
2,13,56
2,14,47
2,14,114
2,14,19
2,14,111
2,15,107
2,15,27
2,15,61
2,16,28
2,16,70
2,17,118
2,17,89
2,17,119
2,17,69
2,18,51
2,18,43
2,19,101
2,19,5
2,19,58
2,20,73
2,20,10
2,20,10
2,20,119
2,20,45
2,21,8
2,21,38
2,21,23
2,21,32
2,21,48
2,22,96
2,22,93
2,22,72
2,22,29
2,22,73
2,23,103
2,23,108
2,23,47
2,23,40
2,23,19
2,24,103
2,24,16
2,24,77
2,25,43
2,25,39
2,25,39
2,25,9
2,25,60
2,26,34
2,26,99
2,27,76
2,27,64
2,27,76
2,27,30
2,27,21
2,28,17
2,28,64
2,28,112
2,28,48
2,28,97
2,29,117
2,29,72
2,29,74
2,30,64
2,30,24
2,31,104
2,31,13
2,32,96
2,32,61
2,32,52
2,32,51
2,33,76
2,33,56
2,34,90
2,34,22
2,34,79
2,34,88
2,34,104
2,35,105
2,35,117
2,35,108
2,36,111
2,36,47
2,36,56
2,36,102
2,37,96
2,37,5
2,37,75
2,37,111
2,38,46
2,38,66
2,39,36
2,39,105
2,39,41
2,40,42
2,40,64
2,40,104
2,41,66
2,41,75
2,42,9
2,42,114
2,42,76
2,43,116
2,43,87
2,44,18
2,44,87
2,44,39
2,44,109
2,44,71
2,45,33
2,45,8
2,45,109
2,45,27
2,46,5
2,46,49
2,47,99
2,47,21
2,48,49
2,48,72
2,48,13
2,48,55
2,49,75
2,49,6
2,49,112
2,50,45
2,50,113
2,50,94
2,50,9
2,50,22
2,51,42
2,51,97
2,52,22
2,52,93
2,52,116
2,52,30
2,52,96
2,53,114
2,53,97
2,54,49
2,54,8
2,54,86
2,54,60
2,54,6
2,55,7
2,55,7
2,56,30
2,56,40
2,56,97
2,57,18
2,57,74
2,57,19
2,57,88
2,58,6
2,58,103
2,59,19
2,59,89
2,60,114
2,60,71
2,60,31
2,60,81
2,61,45
2,61,80
2,61,112
2,61,63
2,62,54
2,62,89
2,63,7
2,63,48
2,64,97
2,64,43
2,64,21
2,65,15
2,65,97
2,66,62
2,66,70
2,67,86
2,67,46
2,67,59
2,67,80
2,68,67
2,68,62
2,68,29
2,68,56
2,69,17
2,69,77
2,69,12
2,69,102
2,69,48
2,70,11
2,70,26
2,70,49
2,71,8
2,71,56
2,71,77
2,72,20
2,72,48
2,72,110
2,73,46
2,73,59
2,73,68
2,73,10
2,74,51
2,74,21
2,75,114
2,75,59
2,75,22
2,75,34
2,76,44
2,76,29
2,76,35
2,76,57
2,77,65
2,77,64
2,77,48
2,77,34
2,77,23
2,78,105
2,78,38
2,78,100
2,78,20
2,79,48
2,79,38
2,80,11
2,80,97
2,80,30
2,81,28
2,81,35
2,81,100
2,81,58
2,81,56
2,82,21
2,82,50
2,82,86
2,82,16
2,83,107
2,83,29
2,83,11
2,83,52
2,84,100
2,84,87
2,84,73
2,84,33
2,85,93
2,85,55
2,85,111
2,86,119
2,86,89
2,86,86
2,86,62
2,87,115
2,87,50
2,88,30
2,88,80
2,89,17
2,89,47
2,89,84
2,90,105
2,90,92
2,90,40
2,90,47
2,91,98
2,91,97
2,91,84
2,91,82
2,91,51
2,92,113
2,92,22
2,92,91
2,93,42
2,93,67
2,93,14
2,93,17
2,94,93
2,94,87
2,94,60
2,94,102
2,95,75
2,95,100
2,95,74
2,96,42
2,96,96
2,97,21
2,97,9
2,97,41
2,97,29
2,98,58
2,98,70
2,98,113
2,99,14
2,99,61
2,99,59
2,99,46
2,99,20
2,100,85
2,100,84
2,101,64
2,101,109
2,101,112
2,101,38
2,102,67
2,102,107
2,102,8
2,103,94
2,103,109
2,103,60
2,104,96
2,104,75
2,104,40
2,105,104
2,105,98
2,105,112
2,105,44
2,105,91
2,106,97
2,106,62
2,106,7
2,107,79
2,107,30
2,107,16
2,108,8
2,108,70
2,109,49
2,109,24
2,109,94
2,109,47
2,109,112
2,110,13
2,110,72
2,110,31
2,110,53
2,111,22
2,111,68
2,111,43
2,111,89
2,111,108
2,112,101
2,112,20
2,112,55
2,112,79
2,113,17
2,113,26
2,114,21
2,114,112
2,114,25
2,114,43
2,115,28
2,115,52
2,115,57
2,115,28
2,115,53
2,116,107
2,116,72
2,117,67
2,117,47
2,117,74
2,118,107
2,118,26
2,118,119
2,119,83
2,119,66
2,120,39
2,120,110
2,121,20
2,121,71
2,121,77
2,122,25
2,122,113
2,123,57
2,123,13
2,123,81
2,123,20
2,123,78
2,124,86
2,124,23
2,124,112
2,124,115
2,124,47
2,125,117
2,125,84
2,125,43
2,125,43
2,125,32
2,126,19
2,126,52
2,126,89
2,127,48
2,127,19
2,128,12
2,128,79
2,128,119
2,128,97
2,129,18
2,129,25
2,129,6
2,129,45
2,129,74
2,130,44
2,130,44
2,130,54
2,130,19
2,130,61
2,131,38
2,131,84
2,132,118
2,132,26
2,133,108
2,133,90
2,133,5
2,133,17
2,133,42
2,134,38
2,134,36
2,135,68
2,135,77
2,136,117
2,136,76
2,136,72
2,137,87
2,137,12
2,138,30
2,138,31
2,138,6
2,139,30
2,139,70
2,139,68
2,140,45
2,140,35
2,140,108
2,140,54
2,140,56
2,141,59
2,141,112
2,142,90
2,142,61
2,142,61
2,142,92
2,143,24
2,143,18
2,143,20
2,144,20
2,144,11
2,144,91
2,144,25
2,144,26
2,145,39
2,145,36
2,145,32
2,145,40
2,146,86
2,146,6
2,147,109
2,147,22
2,147,106
2,148,39
2,148,110
2,148,14
2,149,47
2,149,93
2,149,7
2,149,26
2,150,116
2,150,119
2,151,44
2,151,51
2,151,48
2,152,26
2,152,75
2,152,21
2,153,24
2,153,30
2,153,90
2,153,101
2,153,36
2,154,70
2,154,68
2,154,73
2,154,41
2,155,68
2,155,19
2,156,53
2,156,66
2,156,40
2,156,55
2,157,8
2,157,107
2,157,28
2,157,7
2,158,53
2,158,42
2,158,29
2,158,77
2,158,48
2,159,34
2,159,53
2,159,66
2,160,97
2,160,38
2,161,40
2,161,53
2,161,102
2,161,7
2,162,113
2,162,35
2,162,91
2,163,79
2,163,112
2,163,96
2,164,59
2,164,47
2,164,102
2,164,102
2,165,110
2,165,27
2,165,27
2,165,40
2,166,74
2,166,107
2,166,118
2,167,89
2,167,98
2,167,17
2,167,117
2,168,17
2,168,114
2,168,84
2,168,52
2,169,106
2,169,117
2,169,43
2,169,79
2,169,91
2,170,105
2,170,88
2,170,53
2,170,88
2,171,16
2,171,15
2,171,29
2,172,65
2,172,110
2,172,13
2,173,115
2,173,116
2,173,44
2,173,15
2,173,116
2,174,56
2,174,93
2,175,31
2,175,78
2,175,10
2,176,75
2,176,35
2,177,115
2,177,89
2,177,15
2,177,100
2,178,46
2,178,97
2,178,89
2,178,104
2,179,17
2,179,63
2,179,64
2,179,90
2,180,78
2,180,59
2,180,119
2,180,109
2,181,70
2,181,18
2,182,15
2,182,97
2,182,44
2,182,110
2,183,18
2,183,84
2,183,30
2,183,74
2,184,57
2,184,81
2,185,54
2,185,13
2,185,90
2,185,79
2,186,89
2,186,110
2,186,93
2,187,91
2,187,118
2,188,50
2,188,20
2,189,114
2,189,72
2,189,54
2,190,87
2,190,54
2,190,97
2,191,31
2,191,8
2,192,35
2,192,81
2,192,103
2,192,111
2,193,76
2,193,67
2,193,101
2,193,92
2,193,15
2,194,48
2,194,69
2,194,81
2,195,114
2,195,6
2,195,34
2,195,52
2,196,63
2,196,46
2,196,28
2,196,54
2,197,77
2,197,106
2,197,5
2,197,49
2,198,39
2,198,98
2,199,38
2,199,37
2,200,35
2,200,87
2,200,47
2,201,67
2,201,93
2,201,41
2,201,25
2,202,31
2,202,70
2,202,109
2,203,98
2,203,73
2,203,113
2,203,88
2,204,83
2,204,11
2,204,75
2,204,78
2,204,103
2,205,107
2,205,73
2,205,53
2,206,105
2,206,113
2,206,103
2,206,97
2,207,10
2,207,26
2,208,28
2,208,74
2,209,54
2,209,47
2,209,100
2,209,65
2,209,57
2,210,61
2,210,108
2,211,56
2,211,39
2,212,49
2,212,67
2,212,33
2,212,5
2,212,103
2,213,59
2,213,24
2,214,62
2,214,71
2,214,102
2,214,74
2,214,13
2,215,87
2,215,99
2,215,97
2,216,38
2,216,98
2,216,68
2,216,92
2,216,118
2,217,56
2,217,22
2,218,81
2,218,62
2,218,92
2,219,19
2,219,65
2,220,34
2,220,115
2,221,12
2,221,115
2,222,6
2,222,8
2,222,37
2,222,92
2,222,61
2,223,45
2,223,37
2,224,44
2,224,53
2,224,74
2,224,20
2,225,67
2,225,112
2,226,37
2,226,109
2,226,86
2,226,98
2,226,86
2,227,43
2,227,22
2,227,112
2,227,70
2,227,62
2,228,51
2,228,29
2,229,109
2,229,82
2,229,13
2,229,112
2,230,30
2,230,10
2,231,72
2,231,89
2,232,89
2,232,21
2,232,40
2,232,48
2,233,91
2,233,109
2,234,101
2,234,18
2,235,62
2,235,88
2,235,93
2,235,18
2,235,110
2,236,73
2,236,10
2,236,81
2,237,104
2,237,8
2,237,16
2,237,98
2,238,11
2,238,60
2,238,89
2,239,118
2,239,59
2,239,30
2,239,66
2,240,119
2,240,66
2,240,59
2,240,67
2,240,23
2,241,19
2,241,9
2,241,26
2,242,113
2,242,15
2,243,41
2,243,41
2,244,104
2,244,69
2,244,66
2,244,103
2,244,71
2,245,114
2,245,114
2,245,45
2,246,37
2,246,6
2,246,80
2,246,69
2,247,68
2,247,25
2,247,18
2,247,77
2,247,51
2,248,14
2,248,30
2,248,9
2,248,60
2,249,50
2,249,23
2,250,43
2,250,86
2,251,93
2,251,17
2,252,8
2,252,88
2,253,73
2,253,63
2,253,61
2,254,107
2,254,27
2,254,99
2,254,67
2,255,36
2,255,14
2,256,49
2,256,52
2,256,40
2,256,66
2,257,41
2,257,19
2,258,66
2,258,58
2,259,24
2,259,82
2,259,38
2,259,28
2,260,90
2,260,87
2,260,83
2,260,111
2,260,18
2,261,69
2,261,60
2,262,42
2,262,54
2,262,88
2,263,68
2,263,116
2,263,61
2,263,89
2,263,111
2,264,118
2,264,40
2,264,112
2,265,82
2,265,81
2,265,103
2,266,5
2,266,104
2,266,87
2,266,116
2,266,36
2,267,72
2,267,7
2,267,43
2,268,63
2,268,92
2,268,98
2,268,19
2,269,97
2,269,48
2,269,11
2,269,44
2,270,73
2,270,65
2,270,29
2,270,105
2,271,53
2,271,106
2,271,98
2,271,117
2,271,20
2,272,58
2,272,9
2,272,30
2,273,110
2,273,9
2,274,52
2,274,43
2,275,92
2,275,103
2,275,58
2,276,87
2,276,109
2,276,63
2,276,44
2,276,101
2,277,20
2,277,116
2,277,119
2,277,35
2,278,26
2,278,25
2,278,81
2,278,50
2,279,95
2,279,9
2,279,97
2,280,92
2,280,112
2,280,67
2,280,75
2,280,46
2,281,55
2,281,60
2,281,39
2,281,59
2,281,83
2,282,79
2,282,26
2,283,20
2,283,61
2,283,36
2,283,103
2,283,33
2,284,26
2,284,72
2,284,111
2,284,33
2,284,30
2,285,104
2,285,33
2,285,110
2,285,98
2,286,93
2,286,59
2,286,26
2,286,42
2,287,96
2,287,62
2,287,93
2,287,110
2,287,88
2,288,47
2,288,108
2,289,22
2,289,19
2,289,47
2,290,52
2,290,75
2,290,34
2,290,67
2,290,69
2,291,19
2,291,87
2,291,68
2,292,91
2,292,50
2,293,7
2,293,30
2,294,36
2,294,25
2,295,32
2,295,33
2,296,52
2,296,81
2,296,90
2,297,61
2,297,90
2,298,117
2,298,112
2,298,83
2,298,90
2,298,70
2,299,36
2,299,113
2,299,46
2,299,65
2,300,53
2,300,13
2,301,46
2,301,87
2,301,94
2,301,111
2,302,53
2,302,111
2,302,112
2,302,26
2,302,72
2,303,38
2,303,118
2,304,25
2,304,92
2,304,6
2,305,62
2,305,70
2,305,27
2,305,97
2,305,56
2,306,58
2,306,27
2,306,111
2,306,11
2,307,113
2,307,29
2,307,89
2,308,48
2,308,28
2,308,69
2,308,22
2,308,52
2,309,40
2,309,66
2,310,29
2,310,87
2,311,9
2,311,40
2,312,52
2,312,18
2,312,118
2,313,12
2,313,106
2,313,99
2,313,118
2,313,104
2,314,73
2,314,40
2,314,115
2,314,78
2,315,36
2,315,21
2,316,77
2,316,102
2,316,90
2,316,19
2,316,7
2,317,75
2,317,53
2,317,96
2,317,60
2,318,51
2,318,44
2,318,10
2,318,52
2,318,8
2,319,106
2,319,46
2,320,19
2,320,39
2,320,91
2,320,74
2,320,70
2,321,62
2,321,9
2,321,70
2,321,55
2,321,26
2,322,62
2,322,36
2,322,10
2,322,41
2,322,8
2,323,75
2,323,97
2,324,49
2,324,73
2,324,14
2,324,106
2,324,95
2,325,84
2,325,97
2,325,48
2,325,57
2,325,75
2,326,119
2,326,25
2,327,69
2,327,75
2,328,67
2,328,75
2,328,103
2,328,47
2,328,102
2,329,110
2,329,12
2,329,17
2,330,31
2,330,21
2,331,49
2,331,76
2,331,41
2,331,48
2,331,67
2,332,55
2,332,47
2,332,115
2,332,32
2,333,5
2,333,29
2,333,33
2,333,38
2,333,109
2,334,108
2,334,15
2,335,88
2,335,94
2,335,62
2,335,38
2,335,115
2,336,78
2,336,52
2,336,69
2,336,118
2,336,85
2,337,82
2,337,63
2,337,41
2,337,16
2,338,12
2,338,31
2,338,46
2,338,71
2,338,15
2,339,13
2,339,96
2,339,68
2,339,90
2,340,12
2,340,83
2,341,53
2,341,42
2,341,38
2,341,86
2,341,90
2,342,113
2,342,89
2,342,19
2,342,34
2,342,34
2,343,27
2,343,70
2,343,49
2,344,32
2,344,49
2,344,65
2,344,75
2,344,38
2,345,118
2,345,108
2,346,94
2,346,20
2,346,11
2,346,9
2,347,55
2,347,50
2,347,6
2,348,27
2,348,16
2,348,76
2,348,18
2,348,52
2,349,104
2,349,44
2,349,53
2,349,80
2,349,62
2,350,63
2,350,69
2,350,75
2,351,26
2,351,78
2,351,35
2,351,42
2,351,78
2,352,93
2,352,69
2,352,57
2,353,114
2,353,35
2,353,36
2,354,43
2,354,106
2,354,114
2,354,54
2,355,71
2,355,24
2,355,43
2,356,106
2,356,7
2,357,9
2,357,106
2,357,13
2,357,76
2,357,53
2,358,16
2,358,107
2,358,14
2,358,42
2,358,110
2,359,68
2,359,37
2,359,114
2,359,10
2,359,31
2,360,20
2,360,8
2,360,119
2,361,24
2,361,24
2,361,5
2,361,103
2,361,106
2,362,80
2,362,42
2,362,15
2,362,44
2,362,60
2,363,114
2,363,29
2,363,43
2,364,75
2,364,35
2,365,106
2,365,24
2,365,65
2,365,93
2,366,32
2,366,85
2,366,33
2,366,9
2,366,42
2,367,81
2,367,26
2,367,47
2,367,63
2,368,44
2,368,86
2,368,44
2,369,11
2,369,55
2,370,77
2,370,78
2,370,62
2,370,47
2,370,65
2,371,26
2,371,101
2,371,102
2,372,56
2,372,93
2,372,119
2,372,53
2,372,82
2,373,33
2,373,70
2,373,91
2,373,64
2,373,34
2,374,103
2,374,56
2,375,77
2,375,73
2,375,6
2,375,82
2,375,32
2,376,42
2,376,26
2,377,6
2,377,73
2,377,17
2,377,60
2,378,115
2,378,106
2,378,54
2,378,7
2,379,116
2,379,8
2,380,107
2,380,33
2,381,95
2,381,83
2,381,26
2,382,31
2,382,90
2,382,86
2,382,17
2,382,74
2,383,75
2,383,40
2,383,61
2,384,89
2,384,41
2,385,14
2,385,78
2,385,18
2,386,80
2,386,12
2,386,104
2,386,87
2,386,76
2,387,97
2,387,107
2,387,84
2,388,8
2,388,92
2,389,114
2,389,48
2,389,71
2,390,91
2,390,99
2,390,62
2,390,61
2,391,50
2,391,84
2,392,33
2,392,75
2,392,36
2,392,118
2,392,67
2,393,114
2,393,48
2,393,13
2,393,104
2,394,65
2,394,27
2,395,94
2,395,99
2,395,99
2,396,63
2,396,75
2,396,59
2,397,53
2,397,104
2,398,31
2,398,48
2,398,5
2,398,73
2,399,32
2,399,112
2,400,77
2,400,18
2,401,103
2,401,12
2,401,17
2,401,90
2,401,84
2,402,59
2,402,19
2,402,38
2,402,37
2,402,62
2,403,59
2,403,72
2,404,49
2,404,23
2,404,91
2,404,11
2,404,83
2,405,65
2,405,48
2,406,86
2,406,54
2,407,47
2,407,104
2,407,66
2,408,71
2,408,71
2,409,37
2,409,71
2,409,37
2,409,70
2,409,31
2,410,119
2,410,19
2,410,7
2,410,119
2,411,47
2,411,109
2,411,32
2,411,56
2,411,102
2,412,102
2,412,110
2,412,11
2,412,116
2,412,76
2,413,28
2,413,84
2,413,87
2,414,46
2,414,78
2,414,86
2,414,55
2,415,113
2,415,24
2,415,67
2,416,93
2,416,70
2,416,63
2,416,72
2,416,33
2,417,59
2,417,87
2,417,64
2,417,87
2,417,37
2,418,72
2,418,118
2,418,44
2,418,34
2,419,74
2,419,45
2,419,107
2,420,91
2,420,70
2,420,6
2,421,58
2,421,98
2,421,68
2,421,73
2,422,43
2,422,54
2,422,75
2,422,70
2,423,74
2,423,76
2,423,58
2,423,119
2,423,82
2,424,35
2,424,118
2,425,94
2,425,87
2,425,32
2,425,8
2,425,56
2,426,8
2,426,17
2,426,24
2,426,97
2,426,91
2,427,102
2,427,57
2,427,45
2,427,20
2,428,47
2,428,71
2,428,39
2,428,72
2,429,66
2,429,63
2,429,51
2,429,113
2,430,13
2,430,118
2,430,114
2,430,106
2,431,67
2,431,6
2,431,44
2,432,110
2,432,57
2,432,52
2,432,82
2,433,52
2,433,36
2,434,109
2,434,100
2,435,115
2,435,11
2,435,92
2,436,97
2,436,88
2,436,73
2,436,46
2,436,35
2,437,106
2,437,95
2,438,58
2,438,34
2,438,105
2,439,91
2,439,16
2,440,92
2,440,74
2,440,34
2,440,27
2,441,87
2,441,44
2,441,57
2,441,51
2,442,66
2,442,44
2,442,62
2,442,94
2,443,10
2,443,98
2,443,88
2,443,114
2,443,90
2,444,32
2,444,48
2,444,75
2,444,65
2,445,77
2,445,33
2,445,91
2,445,74
2,445,94
2,446,28
2,446,60
2,446,85
2,446,79
2,446,107
2,447,80
2,447,20
2,447,43
2,447,35
2,447,55
2,448,114
2,448,46
2,448,17
2,448,81
2,448,46
2,449,70
2,449,51
2,449,33
2,449,71
2,449,93
2,450,93
2,450,56
2,450,117
2,450,105
2,451,51
2,451,72
2,451,18
2,452,108
2,452,75
2,453,94
2,453,92
2,454,80
2,454,47
2,455,116
2,455,73
2,455,15
2,455,68
2,455,113
2,456,15
2,456,76
2,456,75
2,456,7
2,456,24
2,457,113
2,457,106
2,457,55
2,458,37
2,458,17
2,458,91
2,458,46
2,458,26
2,459,99
2,459,81
2,460,78
2,460,47
2,460,19
2,460,75
2,461,30
2,461,108
2,461,59
2,461,99
2,461,45
2,462,113
2,462,98
2,462,66
2,463,69
2,463,48
2,463,92
2,463,77
2,464,34
2,464,79
2,464,57
2,464,44
2,464,87
2,465,35
2,465,88
2,466,119
2,466,91
2,466,114
2,467,92
2,467,15
2,467,93
2,467,43
2,468,102
2,468,91
2,468,9
2,469,32
2,469,115
2,470,62
2,470,105
2,471,44
2,471,44
2,472,90
2,472,90
2,473,69
2,473,103
2,473,90
2,474,78
2,474,97
2,474,66
2,474,31
2,474,94
2,475,57
2,475,28
2,475,59
2,475,24
2,476,116
2,476,119
2,476,33
2,476,41
2,476,67
2,477,67
2,477,93
2,478,18
2,478,113
2,478,65
2,478,69
2,478,101
2,479,28
2,479,52
2,479,46
2,480,94
2,480,97
2,481,69
2,481,26
2,482,101
2,482,38
2,482,119
2,483,12
2,483,118
2,484,53
2,484,69
2,485,31
2,485,112
2,485,14
2,485,45
2,485,34
2,486,43
2,486,49
2,486,88
2,486,95
2,487,104
2,487,27
2,487,77
2,487,62
2,488,99
2,488,102
2,489,106
2,489,53
2,489,97
2,489,93
2,490,99
2,490,69
2,490,101
2,490,111
2,490,67
2,491,12
2,491,30
2,491,90
2,491,83
2,491,76
2,492,89
2,492,7
2,492,5
2,492,41
2,493,118
2,493,60
2,493,92
2,493,68
2,494,21
2,494,9
2,495,41
2,495,44
2,496,84
2,496,77
2,496,82
2,496,5
2,497,54
2,497,74
2,498,114
2,498,56
2,498,78
2,498,8
2,498,118
2,499,44
2,499,38
2,499,84
2,499,72
2,500,48
2,500,95
2,500,75
2,500,77
2,500,68
2,501,85
2,501,104
2,502,116
2,502,116
2,502,67
2,502,57
2,503,85
2,503,112
2,503,53
2,503,110
2,503,88
2,504,47
2,504,66
2,504,53
2,504,72
2,504,87
2,505,43
2,505,8
2,505,58
2,505,110
2,506,20
2,506,96
2,506,73
2,506,91
2,507,29
2,507,36
2,507,21
2,507,75
2,507,108
2,508,115
2,508,49
2,508,36
2,508,45
2,508,15
2,509,11
2,509,22
2,510,38
2,510,80
2,510,7
2,511,111
2,511,26
2,511,100
2,511,32
2,511,34
2,512,88
2,512,39
2,512,106
2,512,113
2,512,109
2,513,38
2,513,41
2,513,52
2,514,117
2,514,49
2,514,101
2,514,115
2,515,119
2,515,76
2,516,106
2,516,13
2,516,81
2,516,65
2,517,11
2,517,106
2,517,32
2,517,118
2,518,52
2,518,44
2,518,47
2,518,65
2,519,115
2,519,86
2,519,110
2,519,18
2,519,51
2,520,97
2,520,34
2,520,101
2,520,42
2,521,35
2,521,103
2,521,101
2,522,98
2,522,28
2,522,44
2,522,97
2,522,13
2,523,94
2,523,52
2,523,96
2,523,51
2,524,83
2,524,11
2,524,90
2,525,20
2,525,13
2,525,32
2,526,94
2,526,35
2,526,38
2,527,9
2,527,20
2,527,41
2,528,64
2,528,114
2,528,74
2,528,47
2,529,60
2,529,98
2,530,47
2,530,98
2,530,33
2,530,23
2,531,43
2,531,61
2,531,58
2,532,58
2,532,60
2,532,37
2,532,23
2,532,117
2,533,33
2,533,18
2,533,46
2,533,63
2,533,72
2,534,64
2,534,100
2,534,84
2,534,31
2,535,102
2,535,57
2,535,91
2,535,85
2,535,62
2,536,39
2,536,99
2,537,119
2,537,52
2,537,116
2,538,46
2,538,24
2,538,76
2,539,72
2,539,81
2,540,112
2,540,44
2,540,14
2,540,45
2,541,31
2,541,83
2,541,111
2,541,53
2,542,102
2,542,114
2,542,30
2,542,62
2,542,102
2,543,28
2,543,12
2,543,31
2,543,91
2,544,16
2,544,51
2,544,22
2,545,9
2,545,44
2,545,75
2,546,48
2,546,66
2,546,25
2,547,99
2,547,60
2,547,78
2,547,21
2,547,10
2,548,73
2,548,58
2,548,94
2,549,112
2,549,84
2,550,8
2,550,12
2,550,104
2,551,111
2,551,59
2,551,53
2,551,109
2,551,41
2,552,29
2,552,21
2,553,103
2,553,88
2,554,59
2,554,30
2,554,48
2,554,64
2,555,87
2,555,11
2,555,25
2,555,117
2,556,38
2,556,38
2,556,34
2,557,112
2,557,71
2,558,93
2,558,106
2,558,88
2,558,86
2,559,110
2,559,69
2,559,65
2,559,69
2,560,65
2,560,50
2,561,25
2,561,115
2,561,16
2,561,112
2,562,39
2,562,105
2,563,13
2,563,88
2,563,84
2,563,73
2,564,45
2,564,108
2,565,63
2,565,49
2,565,25
2,565,65
2,565,84
2,566,100
2,566,89
2,566,42
2,567,10
2,567,31
2,567,79
2,568,68
2,568,88
2,568,29
2,568,47
2,569,41
2,569,38
2,569,109
2,569,112
2,569,63
2,570,37
2,570,17
2,571,65
2,571,47
2,571,113
2,571,91
2,571,117
2,572,30
2,572,10
2,572,59
2,572,58
2,572,11
2,573,106
2,573,5
2,574,47
2,574,56
2,575,87
2,575,48
2,575,104
2,576,73
2,576,41
2,577,114
2,577,95
2,578,77
2,578,23
2,578,92
2,578,114
2,579,52
2,579,95
2,580,38
2,580,23
2,580,28
2,580,59
2,580,56
2,581,27
2,581,28
2,581,76
2,581,116
2,582,109
2,582,25
2,583,35
2,583,53
2,583,71
2,583,15
2,583,118
2,584,43
2,584,11
2,585,50
2,585,109
2,586,66
2,586,111
2,587,119
2,587,52
2,587,39
2,588,99
2,588,83
2,588,38
2,588,113
2,589,71
2,589,23
2,589,6
2,590,23
2,590,9
2,590,55
2,590,30
2,590,27
2,591,93
2,591,81
2,591,111
2,592,105
2,592,87
2,592,22
2,592,65
2,592,8
2,593,107
2,593,48
2,594,65
2,594,30
2,594,55
2,594,98
2,594,87
2,595,41
2,595,46
2,596,32
2,596,42
2,596,109
2,597,103
2,597,97
2,597,65
2,597,119
2,598,70
2,598,61
2,598,63
2,598,116
2,598,23
2,599,78
2,599,17
2,600,15
2,600,106
2,601,109
2,601,22
2,601,63
2,601,71
2,602,95
2,602,119
2,602,101
2,602,32
2,603,114
2,603,50
2,603,82
2,603,70
2,603,52
2,604,5
2,604,18
2,604,111
2,605,112
2,605,115
2,605,67
2,605,76
2,606,54
2,606,8
2,606,59
2,606,31
2,607,16
2,607,35
2,607,11
2,608,30
2,608,75
2,608,106
2,608,18
2,608,55
2,609,77
2,609,26
2,609,24
2,609,82
2,609,54
2,610,42
2,610,52
2,610,25
2,610,42
2,611,83
2,611,23
2,611,79
2,611,23
2,612,78
2,612,52
2,612,61
2,612,27
2,613,77
2,613,111
2,613,17
2,613,108
2,614,83
2,614,37
2,614,28
2,615,60
2,615,83
2,615,41
2,616,118
2,616,88
2,616,21
2,617,68
2,617,6
2,617,19
2,618,93
2,618,37
2,618,18
2,618,94
2,618,97
2,619,58
2,619,62
2,620,50
2,620,40
2,620,86
2,620,80
2,621,82
2,621,52
2,621,96
2,622,78
2,622,114
2,622,49
2,622,32
2,622,29
2,623,94
2,623,21
2,623,71
2,623,31
2,624,69
2,624,62
2,624,32
2,624,80
2,624,69
2,625,37
2,625,19
2,625,65
2,626,20
2,626,51
2,626,45
2,627,36
2,627,62
2,628,102
2,628,15
2,628,86
2,628,48
2,628,73
2,629,71
2,629,102
2,629,83
2,630,51
2,630,82
2,630,26
2,630,10
2,631,22
2,631,54
2,632,104
2,632,30
2,632,35
2,632,109
2,632,93
2,633,15
2,633,81
2,633,66
2,633,96
2,634,72
2,634,63
2,635,17
2,635,76
2,636,79
2,636,66
2,636,24
2,636,40
2,636,102
2,637,104
2,637,16
2,637,119
2,637,32
2,638,113
2,638,112
2,638,107
2,639,55
2,639,25
2,639,109
2,639,78
2,639,10
2,640,14
2,640,103
2,641,14
2,641,96
2,641,14
2,642,119
2,642,115
2,643,68
2,643,76
2,643,102
2,643,119
2,644,46
2,644,83
2,644,86
2,644,95
2,644,60
2,645,23
2,645,53
2,646,16
2,646,111
2,646,24
2,646,68
2,646,49
2,647,104
2,647,63
2,647,55
2,648,106
2,648,29
2,649,110
2,649,28
2,649,89
2,649,42
2,650,40
2,650,49
2,650,16
2,651,45
2,651,63
2,651,51
2,651,79
2,652,91
2,652,8
2,652,64
2,652,24
2,653,66
2,653,76
2,654,111
2,654,119
2,655,40
2,655,112
2,655,114
2,656,102
2,656,57
2,656,79
2,656,81
2,657,83
2,657,32
2,657,73
2,658,116
2,658,55
2,658,82
2,658,5
2,659,56
2,659,69
2,659,35
2,660,42
2,660,44
2,661,82
2,661,23
2,661,49
2,661,75
2,661,93
2,662,29
2,662,73
2,663,78
2,663,38
2,663,67
2,663,26
2,664,53
2,664,31
2,664,60
2,665,8
2,665,59
2,665,13
2,665,9
2,666,33
2,666,67
2,666,81
2,666,25
2,666,87
2,667,104
2,667,19
2,668,85
2,668,62
2,668,59
2,668,49
2,669,94
2,669,111
2,670,90
2,670,64
2,670,44
2,671,112
2,671,107
2,671,22
2,672,6
2,672,95
2,673,84
2,673,65
2,674,70
2,674,96
2,674,31
2,674,14
2,675,71
2,675,87
2,675,103
2,675,78
2,676,80
2,676,98
2,676,54
2,676,17
2,677,33
2,677,31
2,677,51
2,678,15
2,678,108
2,678,106
2,678,28
2,678,26
2,679,83
2,679,19
2,679,103
2,679,6
2,679,98
2,680,19
2,680,58
2,680,79
2,680,5
2,681,66
2,681,74
2,681,91
2,681,45
2,682,82
2,682,9
2,682,49
2,682,55
2,683,47
2,683,105
2,683,53
2,684,104
2,684,25
2,684,117
2,684,56
2,685,117
2,685,60
2,685,67
2,686,17
2,686,57
2,686,31
2,686,71
2,686,111
2,687,112
2,687,86
2,688,102
2,688,79
2,688,79
2,688,98
2,688,18
2,689,88
2,689,54
2,690,94
2,690,73
2,690,90
2,691,23
2,691,107
2,691,58
2,691,85
2,691,16
2,692,106
2,692,60
2,693,105
2,693,38
2,693,79
2,694,119
2,694,95
2,695,30
2,695,66
2,695,55
2,695,14
2,696,23
2,696,70
2,696,33
2,696,30
2,696,76
2,697,103
2,697,109
2,697,53
2,698,111
2,698,105
2,699,33
2,699,85
2,699,50
2,699,77
2,700,80
2,700,62
2,700,91
2,700,88
2,700,33
2,701,37
2,701,24
2,701,14
2,701,53
2,701,101
2,702,56
2,702,106
2,703,52
2,703,8
2,703,111
2,703,99
2,704,64
2,704,8
2,704,54
2,704,94
2,704,101
2,705,81
2,705,24
2,705,44
2,705,107
2,706,111
2,706,75
2,706,60
2,706,60
2,706,51
2,707,18
2,707,97
2,707,72
2,707,25
2,708,111
2,708,48
2,709,26
2,709,83
2,709,58
2,710,59
2,710,77
2,710,40
2,710,5
2,711,15
2,711,104
2,711,25
2,711,117
2,711,79
2,712,29
2,712,12
2,712,12
2,712,93
2,712,65
2,713,67
2,713,97
2,713,96
2,713,67
2,714,70
2,714,82
2,715,101
2,715,100
2,715,13
2,716,9
2,716,108
2,716,5
2,716,71
2,716,108
2,717,44
2,717,102
2,717,80
2,717,91
2,718,55
2,718,51
2,718,6
2,718,36
2,719,88
2,719,111
2,720,28
2,720,102
2,720,111
2,720,87
2,721,69
2,721,17
2,722,111
2,722,36
2,722,64
2,722,111
2,722,84
2,723,61
2,723,84
2,723,55
2,723,40
2,724,32
2,724,9
2,725,57
2,725,12
2,725,71
2,725,35
2,725,27
2,726,46
2,726,87
2,726,56
2,726,54
2,727,96
2,727,119
2,727,72
2,728,30
2,728,19
2,728,41
2,728,117
2,729,25
2,729,20
2,729,36
2,729,47
2,729,15
2,730,101
2,730,63
2,731,50
2,731,92
2,731,110
2,731,59
2,732,96
2,732,77
2,732,38
2,732,29
2,733,20
2,733,81
2,734,103
2,734,79
2,734,27
2,735,20
2,735,48
2,735,85
2,735,73
2,736,103
2,736,79
2,736,85
2,736,6
2,736,77
2,737,29
2,737,109
2,737,104
2,737,111
2,738,76
2,738,52
2,738,83
2,739,95
2,739,41
2,739,80
2,739,16
2,739,78
2,740,65
2,740,82
2,740,51
2,741,12
2,741,10
2,741,73
2,742,92
2,742,96
2,742,96
2,742,77
2,743,7
2,743,109
2,743,53
2,744,101
2,744,14
2,745,50
2,745,73
2,745,106
2,745,83
2,746,113
2,746,43
2,747,13
2,747,60
2,747,17
2,747,20
2,747,85
2,748,107
2,748,17
2,748,45
2,748,86
2,748,78
2,749,90
2,749,81
2,750,112
2,750,76
2,750,15
2,750,79
2,750,47
2,751,19
2,751,56
2,751,16
2,751,87
2,751,74
2,752,44
2,752,84
2,752,42
2,752,90
2,753,10
2,753,20
2,754,22
2,754,37
2,754,57
2,755,11
2,755,5
2,755,54
2,756,118
2,756,64
2,756,44
2,756,12
2,757,89
2,757,105
2,757,88
2,758,80
2,758,89
2,758,45
2,759,51
2,759,95
2,759,44
2,759,26
2,760,67
2,760,64
2,760,99
2,760,52
2,761,7
2,761,119
2,762,110
2,762,54
2,763,63
2,763,72
2,763,58
2,763,67
2,763,35
2,764,65
2,764,32
2,764,104
2,765,9
2,765,62
2,766,14
2,766,90
2,766,58
2,766,26
2,767,112
2,767,93
2,768,56
2,768,98
2,768,56
2,769,110
2,769,88
2,769,99
2,769,83
2,770,94
2,770,73
2,770,12
2,770,114
2,770,95
2,771,52
2,771,14
2,771,83
2,771,47
2,771,84
2,772,87
2,772,72
2,772,114
2,772,50
2,773,25
2,773,17
2,773,50
2,774,100
2,774,41
2,774,14
2,774,89
2,774,100
2,775,100
2,775,78
2,775,78
2,776,56
2,776,79
2,776,39
2,777,75
2,777,16
2,778,23
2,778,85
2,778,117
2,778,90
2,778,92
2,779,57
2,779,49
2,779,42
2,780,113
2,780,104
2,780,47
2,780,32
2,781,51
2,781,73
2,782,105
2,782,77
2,782,24
2,782,8
2,782,47
2,783,31
2,783,101
2,783,52
2,784,62
2,784,19
2,784,69
2,784,12
2,784,26
2,785,103
2,785,105
2,785,11
2,786,119
2,786,23
2,787,51
2,787,52
2,788,54
2,788,35
2,789,115
2,789,64
2,789,65
2,789,49
2,789,119
2,790,57
2,790,101
2,790,60
2,791,71
2,791,107
2,792,11
2,792,16
2,793,64
2,793,117
2,793,27
2,794,22
2,794,82
2,795,18
2,795,90
2,795,26
2,795,46
2,795,100
2,796,90
2,796,18
2,796,107
2,796,54
2,797,26
2,797,16
2,798,23
2,798,60
2,798,28
2,798,35
2,798,24
2,799,100
2,799,117
2,799,111
2,800,57
2,800,54
2,800,34
2,800,5
2,800,8
2,801,24
2,801,74
2,801,31
2,801,30
2,802,73
2,802,47
2,802,22
2,802,38
2,802,54
2,803,102
2,803,84
2,803,46
2,804,27
2,804,7
2,804,71
2,804,12
2,804,98
2,805,59
2,805,68
2,805,25
2,806,45
2,806,57
2,807,54
2,807,68
2,807,107
2,807,101
2,808,40
2,808,21
2,808,70
2,809,95
2,809,103
2,809,90
2,809,5
2,810,105
2,810,18
2,810,71
2,810,98
2,810,35
2,811,105
2,811,33
2,812,62
2,812,73
2,812,38
2,813,25
2,813,8
2,813,12
2,813,43
2,814,86
2,814,64
2,814,24
2,814,69
2,815,36
2,815,117
2,815,87
2,815,99
2,815,93
2,816,79
2,816,8
2,816,39
2,816,118
2,817,63
2,817,33
2,817,107
2,818,113
2,818,62
2,818,70
2,818,107
2,818,100
2,819,87
2,819,38
2,819,75
2,819,21
2,819,19
2,820,110
2,820,62
2,820,59
2,821,85
2,821,119
2,821,113
2,822,35
2,822,16
2,822,31
2,822,65
2,823,74
2,823,16
2,824,102
2,824,52
2,824,80
2,825,95
2,825,104
2,825,60
2,826,54
2,826,46
2,826,78
2,826,9
2,826,77
2,827,84
2,827,52
2,827,94
2,827,22
2,827,66
2,828,73
2,828,92
2,828,59
2,829,56
2,829,8
2,829,75
2,829,70
2,830,19
2,830,108
2,830,32
2,830,15
2,830,56
2,831,63
2,831,25
2,831,13
2,831,87
2,831,5
2,832,9
2,832,106
2,833,55
2,833,97
2,833,57
2,834,95
2,834,41
2,835,51
2,835,30
2,835,104
2,835,58
2,835,63
2,836,58
2,836,18
2,836,12
2,836,80
2,836,12
2,837,60
2,837,63
2,837,106
2,837,81
2,837,100
2,838,76
2,838,73
2,839,72
2,839,56
2,840,95
2,840,93
2,841,17
2,841,38
2,841,41
2,842,109
2,842,37
2,843,68
2,843,106
2,844,71
2,844,103
2,844,52
2,844,114
2,845,109
2,845,69
2,845,103
2,846,25
2,846,58
2,846,64
2,846,48
2,847,92
2,847,114
2,847,96
2,847,11
2,848,67
2,848,40
2,848,41
2,849,14
2,849,31
2,849,62
2,849,91
2,850,98
2,850,42
2,851,83
2,851,106
2,851,88
2,851,78
2,852,96
2,852,110
2,852,67
2,853,97
2,853,81
2,854,102
2,854,72
2,855,17
2,855,104
2,856,103
2,856,58
2,856,87
2,857,56
2,857,108
2,858,107
2,858,44
2,859,38
2,859,87
2,859,59
2,860,92
2,860,22
2,860,28
2,861,69
2,861,109
2,862,85
2,862,115
2,862,43
2,863,56
2,863,13
2,863,106
2,863,40
2,863,85
2,864,69
2,864,117
2,864,116
2,865,8
2,865,27
2,865,52
2,865,104
2,865,16
2,866,66
2,866,53
2,866,5
2,866,59
2,866,75
2,867,118
2,867,20
2,867,55
2,867,115
2,868,14
2,868,98
2,868,98
2,869,38
2,869,70
2,870,77
2,870,21
2,871,11
2,871,75
2,871,91
2,872,112
2,872,72
2,872,70
2,872,101
2,873,73
2,873,23
2,873,48
2,874,110
2,874,114
2,874,14
2,874,26
2,875,20
2,875,7
2,875,77
2,875,118
2,875,59
2,876,73
2,876,34
2,876,42
2,877,117
2,877,5
2,877,8
2,878,117
2,878,95
2,879,11
2,879,75
2,880,106
2,880,79
2,880,116
2,880,51
2,881,33
2,881,50
2,881,47
2,881,18
2,882,69
2,882,101
2,882,101
2,883,43
2,883,97
2,883,71
2,884,69
2,884,84
2,885,28
2,885,118
2,886,111
2,886,118
2,886,69
2,887,110
2,887,84
2,887,62
2,888,15
2,888,16
2,888,6
2,888,25
2,889,92
2,889,85
2,889,44
2,889,106
2,889,26
2,890,51
2,890,115
2,890,24
2,890,69
2,891,6
2,891,77
2,891,63
2,891,30
2,891,89
2,892,88
2,892,106
2,893,33
2,893,96
2,893,76
2,894,58
2,894,56
2,894,91
2,895,31
2,895,73
2,895,12
2,896,32
2,896,29
2,897,42
2,897,67
2,897,65
2,898,110
2,898,53
2,898,58
2,898,99
2,898,82
2,899,85
2,899,32
2,899,30
2,899,73
2,900,104
2,900,40
2,900,26
2,900,67
2,901,59
2,901,60
2,901,109
2,901,59
2,901,15
2,902,97
2,902,117
2,903,9
2,903,17
2,904,9
2,904,66
2,904,101
2,905,86
2,905,118
2,905,114
2,905,33
2,906,13
2,906,67
2,907,76
2,907,86
2,907,102
2,908,8
2,908,10
2,908,107
2,909,44
2,909,33
2,909,84
2,910,10
2,910,47
2,911,31
2,911,106
2,911,26
2,911,15
2,911,36
2,912,96
2,912,64
2,912,9
2,913,30
2,913,25
2,914,47
2,914,51
2,914,55
2,914,115
2,915,28
2,915,23
2,915,27
2,916,87
2,916,116
2,916,77
2,916,90
2,917,29
2,917,112
2,917,109
2,917,8
2,917,21
2,918,67
2,918,39
2,918,101
2,919,116
2,919,76
2,919,76
2,919,65
2,919,28
2,920,48
2,920,12
2,920,31
2,920,39
2,920,105
2,921,16
2,921,7
2,921,24
2,921,19
2,921,66
2,922,73
2,922,68
2,923,59
2,923,38
2,923,118
2,924,73
2,924,94
2,924,66
2,925,102
2,925,94
2,925,7
2,925,40
2,925,85
2,926,116
2,926,73
2,927,100
2,927,78
2,927,112
2,928,103
2,928,13
2,928,54
2,928,37
2,929,42
2,929,89
2,930,27
2,930,79
2,930,93
2,930,52
2,931,22
2,931,91
2,932,72
2,932,79
2,932,114
2,932,16
2,932,105
2,933,96
2,933,45
2,933,56
2,933,20
2,934,100
2,934,71
2,935,30
2,935,97
2,935,59
2,935,48
2,936,27
2,936,81
2,936,119
2,936,104
2,937,51
2,937,52
2,937,14
2,938,25
2,938,11
2,938,59
2,938,41
2,938,74
2,939,85
2,939,34
2,939,26
2,939,50
2,940,110
2,940,75
2,940,70
2,940,30
2,941,57
2,941,14
2,941,103
2,942,76
2,942,7
2,943,90
2,943,80
2,943,58
2,943,49
2,943,8
2,944,74
2,944,107
2,944,52
2,945,59
2,945,119
2,946,39
2,946,95
2,946,115
2,946,99
2,947,16
2,947,66
2,948,61
2,948,119
2,948,7
2,948,84
2,948,26
2,949,35
2,949,33
2,949,58
2,949,81
2,950,8
2,950,42
2,950,65
2,951,62
2,951,102
2,951,89
2,951,119
2,952,12
2,952,113
2,952,29
2,953,25
2,953,101
2,954,26
2,954,86
2,954,59
2,954,67
2,954,40
2,955,16
2,955,47
2,955,8
2,955,34
2,955,62
2,956,117
2,956,69
2,957,13
2,957,93
2,957,53
2,957,115
2,958,40
2,958,91
2,958,56
2,958,114
2,959,85
2,959,48
2,959,111
2,959,15
2,960,44
2,960,114
2,961,6
2,961,84
2,961,83
2,962,30
2,962,49
2,962,32
2,962,73
2,962,76
2,963,27
2,963,82
2,963,77
2,963,103
2,964,101
2,964,19
2,964,49
2,964,18
2,965,66
2,965,62
2,965,55
2,965,108
2,965,70
2,966,52
2,966,25
2,966,79
2,966,13
2,967,36
2,967,69
2,968,82
2,968,51
2,968,66
2,969,43
2,969,98
2,969,100
2,970,7
2,970,86
2,971,58
2,971,68
2,972,77
2,972,104
2,972,105
2,972,110
2,973,13
2,973,55
2,973,97
2,974,13
2,974,79
2,974,76
2,974,112
2,974,96
2,975,28
2,975,18
2,976,20
2,976,79
2,977,113
2,977,58
2,978,66
2,978,80
2,978,24
2,978,54
2,978,43
2,979,23
2,979,57
2,979,70
2,980,56
2,980,45
2,981,48
2,981,24
2,981,64
2,982,30
2,982,85
2,982,34
2,982,39
2,983,109
2,983,27
2,983,76
2,984,50
2,984,91
2,985,68
2,985,12
2,985,106
2,985,48
2,985,104
2,986,77
2,986,38
2,986,81
2,987,12
2,987,65
2,988,112
2,988,36
2,989,110
2,989,61
2,990,75
2,990,70
2,990,97
2,991,74
2,991,118
2,991,58
2,991,11
2,991,55
2,992,98
2,992,87
2,992,95
2,993,24
2,993,82
2,994,37
2,994,113
2,994,76
2,995,77
2,995,98
2,996,53
2,996,96
2,996,23
2,996,72
2,997,78
2,997,106
2,997,101
2,997,81
2,997,13
2,998,88
2,998,83
2,999,100
2,999,78
2,1000,28
2,1000,56
2,1000,32
3,1,15
3,1,75
3,1,23
3,1,67
3,2,67
3,2,90
3,2,42
3,2,24
3,3,63
3,3,22
3,3,31
3,4,116
3,4,7
3,4,116
3,4,72
3,4,68
3,5,112
3,5,41
3,5,12
3,5,94
3,5,75
3,6,31
3,6,97
3,7,15
3,7,94
3,7,87
3,7,68
3,8,14
3,8,71
3,9,29
3,9,22
3,10,34
3,10,92
3,10,92
3,11,65
3,11,89
3,11,16
3,11,29
3,11,108
3,12,65
3,12,89
3,12,25
3,12,85
3,12,55
3,13,16
3,13,47
3,13,50
3,13,13
3,14,116
3,14,62
3,15,73
3,15,108
3,15,53
3,15,81
3,15,110
3,16,86
3,16,26
3,17,20
3,17,10
3,17,79
3,17,41
3,17,13
3,18,85
3,18,34
3,18,72
3,18,53
3,19,28
3,19,13
3,19,7
3,19,66
3,20,51
3,20,81
3,20,30
3,21,64
3,21,65
3,21,36
3,21,91
3,21,106
3,22,82
3,22,70
3,22,7
3,23,109
3,23,42
3,23,14
3,23,6
3,24,25
3,24,52
3,24,55
3,25,92
3,25,19
3,25,75
3,25,64
3,26,104
3,26,109
3,26,47
3,27,8
3,27,23
3,28,8
3,28,118
3,28,27
3,28,40
3,29,100
3,29,95
3,29,10
3,30,59
3,30,83
3,30,32
3,31,91
3,31,61
3,31,102
3,31,34
3,32,98
3,32,69
3,32,7
3,32,63
3,33,55
3,33,74
3,34,115
3,34,58
3,34,85
3,35,31
3,35,73
3,36,52
3,36,117
3,37,111
3,37,115
3,37,70
3,38,106
3,38,116
3,39,17
3,39,62
3,39,36
3,39,27
3,40,28
3,40,7
3,41,88
3,41,55
3,41,86
3,41,112
3,42,62
3,42,75
3,42,118
3,43,22
3,43,20
3,43,37
3,44,18
3,44,71
3,44,68
3,44,59
3,44,17
3,45,86
3,45,111
3,45,78
3,45,66
3,46,118
3,46,114
3,46,97
3,46,20
3,46,10
3,47,78
3,47,68
3,47,17
3,47,56
3,47,34
3,48,90
3,48,69
3,48,85
3,48,118
3,48,16
3,49,95
3,49,85
3,49,108
3,49,56
3,49,113
3,50,45
3,50,12
3,50,12
3,50,25
3,51,19
3,51,37
3,51,77
3,51,49
3,52,77
3,52,43
3,52,112
3,52,94
3,53,86
3,53,109
3,53,107
3,54,69
3,54,104
3,54,29
3,54,42
3,55,106
3,55,99
3,56,31
3,56,15
3,56,35
3,56,25
3,56,111
3,57,66
3,57,78
3,57,78
3,57,108
3,58,7
3,58,41
3,59,41
3,59,108
3,60,48
3,60,13
3,60,48
3,60,95
3,61,112
3,61,38
3,61,11
3,61,55
3,61,78
3,62,6
3,62,52
3,63,6
3,63,34
3,64,28
3,64,107
3,64,100
3,64,33
3,64,80
3,65,52
3,65,115
3,66,23
3,66,88
3,67,92
3,67,82
3,67,46
3,68,68
3,68,112
3,69,93
3,69,95
3,69,86
3,69,16
3,70,23
3,70,62
3,70,46
3,70,22
3,71,119
3,71,30
3,71,32
3,72,22
3,72,24
3,72,19
3,72,97
3,73,53
3,73,28
3,74,38
3,74,96
3,75,113
3,75,47
3,75,14
3,75,32
3,76,96
3,76,115
3,76,25
3,76,49
3,77,48
3,77,6
3,77,103
3,78,39
3,78,35
3,79,75
3,79,117
3,79,112
3,80,31
3,80,119
3,80,69
3,80,67
3,81,89
3,81,60
3,81,54
3,81,96
3,81,56
3,82,66
3,82,89
3,83,61
3,83,23
3,83,8
3,83,48
3,84,107
3,84,117
3,84,81
3,84,21
3,84,100
3,85,117
3,85,20
3,85,113
3,85,30
3,85,71
3,86,79
3,86,18
3,86,82
3,86,115
3,87,15
3,87,53
3,87,12
3,87,57
3,87,20
3,88,96
3,88,63
3,88,90
3,88,102
3,89,50
3,89,60
3,90,78
3,90,113
3,91,93
3,91,21
3,91,31
3,91,72
3,91,97
3,92,91
3,92,44
3,93,111
3,93,96
3,94,11
3,94,23
3,95,41
3,95,50
3,95,33
3,95,69
3,96,107
3,96,102
3,96,112
3,97,13
3,97,10
3,97,14
3,98,41
3,98,54
3,99,75
3,99,107
3,99,99
3,99,63
3,99,85
3,100,13
3,100,109
3,100,119
3,100,40
3,100,83
3,101,58
3,101,94
3,101,21
3,102,67
3,102,23
3,102,38
3,102,57
3,103,31
3,103,63
3,103,113
3,103,29
3,104,89
3,104,31
3,104,24
3,104,107
3,104,66
3,105,74
3,105,110
3,105,49
3,105,26
3,106,82
3,106,86
3,106,102
3,106,8
3,107,116
3,107,71
3,107,101
3,107,11
3,108,49
3,108,51
3,108,51
3,108,17
3,109,89
3,109,70
3,109,27
3,109,32
3,110,49
3,110,77
3,110,93
3,110,105
3,110,8
3,111,17
3,111,51
3,111,106
3,112,17
3,112,78
3,113,73
3,113,68
3,113,106
3,113,74
3,113,66
3,114,96
3,114,99
3,115,37
3,115,9
3,116,80
3,116,50
3,116,96
3,116,10
3,117,47
3,117,89
3,118,34
3,118,96
3,118,14
3,118,53
3,118,62
3,119,119
3,119,104
3,119,62
3,119,85
3,119,7
3,120,69
3,120,87
3,120,14
3,121,20
3,121,88
3,122,57
3,122,74
3,122,39
3,122,114
3,123,46
3,123,76
3,123,58
3,123,97
3,123,64
3,124,54
3,124,94
3,124,6
3,124,50
3,124,15
3,125,82
3,125,58
3,125,40
3,125,85
3,126,81
3,126,30
3,126,15
3,126,11
3,126,107
3,127,19
3,127,48
3,127,44
3,127,14
3,127,41
3,128,82
3,128,40
3,128,105
3,128,60
3,129,90
3,129,36
3,129,24
3,129,26
3,129,89
3,130,6
3,130,106
3,130,26
3,130,98
3,130,92
3,131,56
3,131,42
3,131,106
3,131,48
3,132,97
3,132,86
3,133,43
3,133,51
3,134,113
3,134,82
3,134,43
3,135,45
3,135,83
3,135,100
3,136,32
3,136,105
3,137,89
3,137,41
3,137,47
3,137,19
3,138,48
3,138,62
3,138,97
3,138,114
3,139,74
3,139,91
3,139,106
3,140,114
3,140,87
3,141,25
3,141,92
3,141,111
3,141,105
3,142,7
3,142,5
3,142,105
3,143,93
3,143,73
3,143,40
3,143,98
3,144,34
3,144,11
3,145,89
3,145,115
3,145,106
3,145,73
3,145,11
3,146,58
3,146,30
3,146,118
3,147,19
3,147,83
3,147,26
3,147,107
3,148,117
3,148,104
3,148,37
3,148,41
3,148,75
3,149,7
3,149,21
3,149,104
3,149,91
3,149,10
3,150,32
3,150,110
3,150,12
3,151,109
3,151,42
3,151,83
3,151,62
3,152,15
3,152,76
3,152,19
3,152,118
3,152,90
3,153,10
3,153,49
3,154,50
3,154,32
3,155,63
3,155,39
3,155,6
3,155,26
3,156,5
3,156,5
3,157,73
3,157,53
3,157,65
3,157,95
3,158,21
3,158,61
3,158,104
3,158,79
3,159,113
3,159,87
3,159,50
3,159,63
3,160,37
3,160,59
3,160,23
3,161,109
3,161,89
3,162,107
3,162,46
3,162,40
3,163,55
3,163,70
3,163,104
3,164,33
3,164,28
3,164,38
3,164,20
3,165,15
3,165,104
3,165,88
3,165,114
3,165,81
3,166,95
3,166,98
3,166,14
3,166,111
3,167,68
3,167,40
3,167,56
3,168,29
3,168,14
3,168,81
3,168,14
3,169,6
3,169,8
3,169,106
3,169,12
3,169,59
3,170,112
3,170,80
3,170,109
3,170,36
3,170,51
3,171,50
3,171,28
3,172,50
3,172,113
3,172,108
3,173,73
3,173,55
3,174,76
3,174,79
3,174,14
3,174,46
3,174,47
3,175,48
3,175,48
3,175,36
3,175,114
3,176,112
3,176,49
3,176,66
3,176,71
3,177,112
3,177,113
3,177,15
3,178,75
3,178,98
3,178,19
3,179,45
3,179,111
3,179,8
3,179,41
3,180,14
3,180,87
3,180,34
3,181,115
3,181,28
3,181,70
3,182,73
3,182,94
3,182,62
3,182,10
3,183,68
3,183,119
3,183,49
3,183,29
3,183,118
3,184,23
3,184,92
3,184,44
3,184,99
3,185,113
3,185,79
3,186,100
3,186,117
3,186,104
3,186,27
3,186,63
3,187,32
3,187,110
3,187,116
3,187,7
3,187,80
3,188,76
3,188,102
3,188,119
3,189,41
3,189,72
3,189,88
3,189,27
3,190,69
3,190,42
3,190,94
3,191,59
3,191,18
3,191,114
3,192,61
3,192,87
3,192,27
3,193,80
3,193,106
3,193,39
3,193,26
3,193,108
3,194,33
3,194,102
3,194,61
3,194,72
3,195,66
3,195,38
3,195,12
3,195,87
3,196,29
3,196,76
3,196,88
3,196,21
3,196,79
3,197,27
3,197,39
3,197,118
3,197,60
3,198,30
3,198,38
3,198,16
3,198,58
3,199,107
3,199,48
3,199,109
3,200,28
3,200,27
3,200,60
3,200,112
3,201,78
3,201,55
3,202,27
3,202,5
3,202,14
3,202,50
3,202,76
3,203,30
3,203,106
3,203,102
3,203,86
3,203,31
3,204,17
3,204,107
3,204,119
3,204,62
3,205,23
3,205,92
3,205,103
3,205,20
3,205,12
3,206,84
3,206,109
3,206,18
3,206,6
3,207,64
3,207,17
3,208,21
3,208,22
3,208,10
3,209,69
3,209,110
3,210,66
3,210,64
3,211,61
3,211,43
3,212,71
3,212,94
3,212,51
3,212,81
3,213,114
3,213,86
3,214,104
3,214,72
3,214,73
3,214,66
3,214,110
3,215,101
3,215,71
3,215,59
3,215,45
3,215,5
3,216,27
3,216,91
3,216,10
3,216,11
3,217,90
3,217,8
3,218,32
3,218,10
3,218,44
3,219,12
3,219,88
3,219,98
3,219,70
3,220,49
3,220,65
3,220,7
3,221,18
3,221,40
3,221,66
3,221,5
3,221,112
3,222,42
3,222,90
3,222,15
3,223,14
3,223,22
3,223,111
3,224,36
3,224,31
3,225,105
3,225,61
3,226,58
3,226,82
3,226,61
3,227,35
3,227,93
3,227,110
3,228,29
3,228,90
3,228,114
3,228,90
3,228,97
3,229,107
3,229,29
3,229,53
3,230,23
3,230,81
3,230,90
3,230,76
3,230,60
3,231,56
3,231,23
3,231,52
3,232,87
3,232,37
3,232,90
3,233,39
3,233,9
3,233,116
3,234,117
3,234,119
3,235,109
3,235,92
3,235,117
3,235,49
3,236,94
3,236,80
3,236,8
3,236,90
3,237,94
3,237,25
3,238,81
3,238,16
3,238,19
3,238,117
3,238,66
3,239,51
3,239,92
3,239,49
3,239,23
3,240,111
3,240,59
3,240,78
3,241,61
3,241,42
3,241,5
3,241,84
3,242,95
3,242,11
3,242,44
3,242,88
3,243,34
3,243,101
3,244,115
3,244,76
3,245,81
3,245,20
3,245,14
3,246,98
3,246,65
3,246,95
3,247,90
3,247,52
3,247,60
3,247,48
3,247,100
3,248,30
3,248,34
3,248,112
3,248,85
3,248,53
3,249,50
3,249,67
3,249,118
3,249,71
3,250,79
3,250,36
3,250,61
3,251,64
3,251,38
3,251,95
3,251,61
3,252,26
3,252,116
3,252,10
3,253,93
3,253,48
3,253,105
3,254,93
3,254,46
3,255,70
3,255,33
3,256,64
3,256,56
3,257,57
3,257,80
3,257,46
3,257,86
3,258,30
3,258,20
3,258,109
3,258,66
3,259,68
3,259,23
3,259,62
3,260,81
3,260,31
3,260,12
3,260,91
3,260,118
3,261,72
3,261,100
3,262,15
3,262,15
3,263,55
3,263,106
3,263,78
3,263,11
3,263,107
3,264,43
3,264,33
3,264,55
3,264,110
3,265,91
3,265,48
3,265,72
3,265,57
3,266,23
3,266,57
3,266,106
3,266,67
3,266,31
3,267,16
3,267,53
3,267,89
3,267,95
3,268,112
3,268,17
3,268,99
3,268,113
3,268,35
3,269,31
3,269,42
3,269,55
3,270,29
3,270,30
3,270,9
3,270,59
3,270,37
3,271,66
3,271,7
3,271,73
3,271,64
3,272,26
3,272,116
3,272,108
3,272,18
3,273,10
3,273,28
3,273,20
3,274,9
3,274,61
3,275,11
3,275,30
3,275,118
3,275,9
3,276,93
3,276,106
3,276,61
3,277,33
3,277,13
3,277,76
3,277,106
3,278,17
3,278,43
3,278,47
3,278,90
3,279,109
3,279,77
3,280,17
3,280,95
3,280,113
3,280,30
3,280,64
3,281,106
3,281,95
3,281,113
3,281,19
3,281,118
3,282,18
3,282,118
3,283,54
3,283,106
3,283,15
3,283,109
3,283,76
3,284,110
3,284,31
3,284,57
3,285,67
3,285,99
3,285,44
3,285,14
3,285,34
3,286,106
3,286,110
3,286,35
3,286,23
3,287,109
3,287,58
3,287,26
3,287,113
3,287,62
3,288,104
3,288,49
3,288,78
3,289,93
3,289,68
3,290,60
3,290,12
3,290,104
3,290,48
3,290,82
3,291,119
3,291,59
3,292,84
3,292,15
3,292,60
3,292,97
3,292,19
3,293,100
3,293,17
3,294,111
3,294,20
3,295,26
3,295,93
3,295,114
3,295,56
3,295,46
3,296,5
3,296,35
3,296,15
3,297,106
3,297,105
3,297,52
3,298,21
3,298,97
3,298,99
3,298,99
3,298,48
3,299,58
3,299,21
3,299,9
3,299,72
3,299,111
3,300,10
3,300,26
3,301,60
3,301,50
3,301,43
3,301,27
3,302,82
3,302,98
3,302,23
3,302,106
3,303,13
3,303,22
3,303,35
3,303,92
3,303,72
3,304,51
3,304,35
3,304,35
3,304,9
3,304,35
3,305,101
3,305,10
3,305,57
3,305,18
3,305,38
3,306,30
3,306,47
3,306,58
3,306,54
3,307,17
3,307,66
3,307,33
3,307,38
3,308,16
3,308,53
3,308,112
3,308,104
3,308,6
3,309,70
3,309,114
3,310,16
3,310,36
3,310,80
3,311,66
3,311,111
3,311,26
3,311,61
3,312,102
3,312,68
3,312,96
3,312,82
3,313,48
3,313,60
3,313,39
3,313,100
3,314,99
3,314,102
3,314,108
3,314,119
3,314,57
3,315,93
3,315,22
3,316,46
3,316,31
3,316,92
3,316,69
3,316,117
3,317,81
3,317,88
3,317,115
3,318,92
3,318,6
3,318,26
3,319,13
3,319,79
3,319,71
3,319,6
3,319,119
3,320,79
3,320,103
3,320,8
3,320,39
3,321,49
3,321,27
3,321,52
3,321,64
3,322,106
3,322,82
3,323,61
3,323,72
3,323,46
3,324,57
3,324,18
3,324,105
3,324,25
3,325,75
3,325,84
3,325,24
3,325,111
3,325,22
3,326,31
3,326,52
3,326,64
3,326,55
3,327,26
3,327,45
3,327,65
3,328,13
3,328,64
3,329,85
3,329,5
3,329,27
3,330,23
3,330,114
3,330,80
3,330,23
3,330,52
3,331,60
3,331,51
3,331,53
3,332,13
3,332,97
3,332,24
3,332,116
3,332,26
3,333,9
3,333,33
3,333,21
3,334,89
3,334,61
3,334,60
3,334,63
3,334,106
3,335,92
3,335,58
3,335,60
3,335,28
3,336,49
3,336,24
3,336,61
3,336,89
3,336,31
3,337,41
3,337,14
3,337,117
3,338,36
3,338,41
3,339,56
3,339,69
3,340,117
3,340,59
3,340,30
3,341,53
3,341,74
3,341,19
3,341,68
3,342,7
3,342,68
3,342,101
3,343,33
3,343,75
3,343,42
3,343,28
3,344,55
3,344,35
3,344,86
3,344,91
3,344,66
3,345,25
3,345,76
3,345,26
3,346,70
3,346,55
3,346,104
3,346,91
3,346,64
3,347,8
3,347,68
3,347,88
3,348,5
3,348,52
3,349,93
3,349,86
3,349,38
3,349,44
3,349,32
3,350,61
3,350,5
3,350,30
3,351,97
3,351,21
3,351,8
3,351,9
3,352,75
3,352,99
3,352,15
3,352,117
3,352,102
3,353,103
3,353,91
3,353,53
3,353,112
3,354,45
3,354,62
3,354,80
3,354,93
3,354,94
3,355,91
3,355,24
3,356,76
3,356,64
3,356,110
3,356,47
3,356,57
3,357,106
3,357,98
3,358,14
3,358,85
3,358,84
3,358,20
3,358,44
3,359,99
3,359,67
3,360,19
3,360,42
3,360,69
3,361,85
3,361,25
3,361,83
3,361,52
3,362,36
3,362,28
3,363,10
3,363,110
3,363,105
3,363,61
3,363,28
3,364,11
3,364,79
3,364,32
3,365,101
3,365,106
3,365,26
3,365,101
3,366,71
3,366,29
3,367,94
3,367,114
3,367,12
3,367,99
3,368,33
3,368,39
3,368,47
3,369,61
3,369,30
3,370,11
3,370,108
3,371,90
3,371,76
3,372,17
3,372,118
3,373,97
3,373,35
3,373,33
3,373,5
3,374,118
3,374,49
3,374,97
3,374,104
3,374,117
3,375,89
3,375,79
3,375,32
3,376,43
3,376,8
3,377,53
3,377,53
3,377,14
3,377,67
3,378,33
3,378,60
3,379,41
3,379,5
3,379,55
3,379,56
3,380,23
3,380,43
3,380,92
3,380,78
3,380,17
3,381,73
3,381,6
3,381,7
3,381,9
3,381,9
3,382,26
3,382,23
3,382,27
3,383,79
3,383,105
3,383,53
3,383,81
3,383,68
3,384,14
3,384,94
3,384,24
3,385,84
3,385,112
3,385,44
3,385,104
3,386,88
3,386,104
3,387,30
3,387,105
3,387,81
3,387,42
3,387,66
3,388,69
3,388,43
3,389,76
3,389,39
3,389,52
3,389,118
3,389,37
3,390,105
3,390,39
3,390,82
3,391,109
3,391,108
3,391,115
3,392,20
3,392,92
3,392,75
3,392,114
3,393,108
3,393,9
3,393,37
3,394,47
3,394,88
3,394,71
3,394,105
3,394,93
3,395,39
3,395,39
3,395,40
3,395,111
3,395,82
3,396,58
3,396,60
3,396,53
3,396,26
3,396,76
3,397,21
3,397,64
3,398,44
3,398,28
3,398,24
3,398,114
3,399,59
3,399,5
3,399,56
3,400,67
3,400,111
3,400,49
3,400,80
3,401,85
3,401,66
3,401,38
3,401,33
3,402,58
3,402,31
3,402,71
3,403,48
3,403,87
3,404,27
3,404,82
3,405,57
3,405,82
3,405,96
3,405,38
3,406,53
3,406,65
3,406,76
3,406,108
3,406,13
3,407,60
3,407,117
3,408,72
3,408,77
3,409,95
3,409,69
3,409,37
3,409,8
3,410,56
3,410,7
3,410,67
3,410,49
3,411,80
3,411,99
3,411,49
3,412,99
3,412,79
3,412,56
3,413,7
3,413,12
3,413,108
3,413,95
3,413,10
3,414,23
3,414,99
3,414,15
3,414,87
3,414,94
3,415,27
3,415,93
3,415,12
3,416,95
3,416,71
3,416,16
3,416,62
3,417,68
3,417,54
3,417,49
3,417,108
3,417,20
3,418,111
3,418,71
3,418,78
3,418,34
3,418,111
3,419,64
3,419,116
3,420,29
3,420,70
3,420,5
3,420,73
3,420,43
3,421,115
3,421,107
3,421,62
3,421,17
3,421,86
3,422,111
3,422,6
3,423,59
3,423,32
3,423,13
3,424,82
3,424,39
3,425,114
3,425,110
3,426,66
3,426,41
3,426,72
3,426,101
3,426,56
3,427,106
3,427,17
3,427,5
3,428,65
3,428,51
3,429,110
3,429,33
3,429,86
3,429,58
3,430,101
3,430,53
3,430,22
3,430,42
3,430,93
3,431,98
3,431,58
3,431,97
3,432,115
3,432,76
3,432,44
3,432,63
3,432,60
3,433,10
3,433,39
3,433,95
3,433,50
3,433,22
3,434,52
3,434,82
3,434,15
3,435,87
3,435,44
3,435,97
3,435,32
3,435,61
3,436,38
3,436,59
3,436,41
3,436,54
3,436,100
3,437,39
3,437,91
3,437,55
3,438,62
3,438,67
3,438,68
3,438,10
3,439,110
3,439,99
3,439,15
3,439,89
3,440,92
3,440,35
3,440,30
3,441,52
3,441,21
3,442,32
3,442,42
3,443,27
3,443,72
3,444,93
3,444,100
3,444,105
3,444,70
3,445,80
3,445,79
3,446,78
3,446,99
3,446,59
3,446,44
3,447,110
3,447,8
3,447,23
3,448,66
3,448,16
3,449,84
3,449,98
3,449,33
3,449,80
3,449,23
3,450,59
3,450,96
3,450,13
3,450,66
3,451,65
3,451,70
3,451,71
3,451,38
3,452,53
3,452,103
3,453,117
3,453,29
3,453,43
3,454,67
3,454,14
3,454,79
3,454,25
3,454,96
3,455,71
3,455,62
3,455,99
3,456,83
3,456,108
3,457,117
3,457,76
3,457,33
3,457,57
3,457,117
3,458,60
3,458,59
3,458,106
3,458,15
3,459,18
3,459,23
3,459,62
3,460,8
3,460,104
3,460,87
3,460,15
3,460,52
3,461,92
3,461,107
3,461,53
3,461,74
3,462,107
3,462,83
3,462,57
3,463,98
3,463,47
3,464,19
3,464,76
3,464,81
3,464,119
3,465,18
3,465,84
3,465,104
3,466,38
3,466,99
3,466,13
3,466,100
3,467,97
3,467,20
3,467,88
3,468,49
3,468,113
3,469,71
3,469,50
3,469,59
3,470,71
3,470,7
3,470,81
3,471,49
3,471,107
3,472,96
3,472,78
3,473,74
3,473,113
3,473,10
3,473,97
3,474,77
3,474,15
3,474,19
3,475,39
3,475,30
3,475,44
3,475,83
3,476,95
3,476,21
3,476,6
3,476,33
3,477,93
3,477,57
3,477,99
3,477,74
3,477,42
3,478,77
3,478,46
3,478,63
3,479,13
3,479,26
3,480,13
3,480,22
3,481,6
3,481,63
3,481,107
3,481,72
3,482,71
3,482,114
3,482,68
3,483,108
3,483,46
3,483,22
3,483,103
3,483,37
3,484,21
3,484,18
3,485,31
3,485,63
3,485,49
3,486,112
3,486,12
3,486,30
3,486,67
3,486,116
3,487,8
3,487,72
3,487,63
3,488,55
3,488,44
3,488,32
3,488,113
3,489,61
3,489,71
3,490,43
3,490,71
3,490,89
3,490,49
3,490,7
3,491,90
3,491,64
3,492,13
3,492,71
3,493,91
3,493,89
3,493,34
3,493,112
3,493,62
3,494,104
3,494,29
3,495,34
3,495,109
3,495,58
3,496,82
3,496,76
3,496,34
3,496,89
3,497,10
3,497,25
3,498,118
3,498,9
3,499,80
3,499,13
3,500,85
3,500,69
3,500,9
3,500,16
3,500,21
3,501,80
3,501,112
3,502,33
3,502,44
3,503,108
3,503,85
3,503,7
3,503,117
3,503,119
3,504,106
3,504,52
3,504,44
3,505,39
3,505,116
3,505,52
3,505,46
3,505,115
3,506,36
3,506,12
3,507,109
3,507,72
3,508,9
3,508,71
3,508,21
3,508,114
3,508,43
3,509,28
3,509,64
3,510,19
3,510,109
3,510,85
3,511,48
3,511,49
3,512,12
3,512,84
3,512,114
3,512,102
3,513,84
3,513,85
3,513,11
3,514,83
3,514,88
3,514,58
3,515,11
3,515,55
3,515,81
3,516,118
3,516,92
3,516,107
3,516,9
3,516,53
3,517,62
3,517,18
3,517,82
3,518,55
3,518,85
3,518,71
3,518,32
3,518,68
3,519,7
3,519,22
3,519,56
3,519,21
3,519,75
3,520,28
3,520,39
3,520,54
3,521,54
3,521,82
3,522,91
3,522,35
3,522,32
3,522,17
3,522,22
3,523,42
3,523,42
3,523,116
3,523,114
3,524,87
3,524,87
3,524,55
3,524,56
3,525,25
3,525,94
3,525,7
3,525,90
3,525,43
3,526,79
3,526,69
3,527,42
3,527,84
3,527,95
3,528,54
3,528,40
3,528,105
3,528,114
3,528,37
3,529,63
3,529,67
3,529,63
3,529,42
3,530,104
3,530,62
3,531,20
3,531,103
3,532,70
3,532,92
3,532,15
3,532,67
3,533,8
3,533,108
3,534,76
3,534,57
3,534,59
3,535,38
3,535,90
3,536,34
3,536,56
3,537,38
3,537,82
3,537,57
3,538,71
3,538,12
3,539,113
3,539,61
3,540,85
3,540,93
3,540,86
3,540,17
3,541,68
3,541,42
3,541,107
3,541,108
3,541,15
3,542,28
3,542,107
3,542,45
3,543,114
3,543,86
3,543,49
3,543,83
3,543,38
3,544,12
3,544,51
3,544,23
3,544,18
3,544,48
3,545,108
3,545,55
3,545,86
3,546,98
3,546,39
3,546,69
3,546,12
3,547,100
3,547,87
3,547,45
3,547,9
3,548,70
3,548,37
3,549,93
3,549,44
3,550,80
3,550,99
3,550,96
3,550,80
3,551,83
3,551,75
3,551,86
3,551,39
3,552,112
3,552,105
3,552,69
3,553,31
3,553,33
3,553,116
3,554,77
3,554,72
3,554,13
3,554,110
3,555,75
3,555,116
3,555,112
3,555,103
3,555,17
3,556,34
3,556,6
3,556,9
3,557,100
3,557,48
3,557,118
3,557,15
3,557,85
3,558,12
3,558,5
3,558,51
3,558,54
3,559,98
3,559,75
3,559,31
3,559,24
3,560,23
3,560,16
3,561,63
3,561,110
3,561,108
3,562,108
3,562,105
3,562,20
3,562,8
3,563,86
3,563,13
3,563,56
3,563,85
3,564,115
3,564,101
3,564,77
3,564,108
3,564,107
3,565,31
3,565,88
3,565,18
3,565,62
3,566,98
3,566,5
3,566,63
3,567,32
3,567,95
3,567,20
3,567,41
3,568,27
3,568,6
3,568,8
3,569,37
3,569,117
3,569,23
3,570,112
3,570,30
3,570,72
3,570,61
3,570,91
3,571,96
3,571,94
3,571,29
3,571,43
3,571,13
3,572,22
3,572,85
3,573,112
3,573,9
3,573,62
3,573,78
3,574,27
3,574,116
3,574,49
3,574,112
3,574,117
3,575,54
3,575,89
3,575,54
3,575,65
3,576,100
3,576,99
3,576,48
3,577,45
3,577,33
3,577,117
3,577,84
3,578,47
3,578,43
3,578,34
3,579,55
3,579,6
3,579,99
3,579,71
3,580,7
3,580,33
3,580,94
3,580,30
3,581,28
3,581,100
3,582,33
3,582,100
3,582,54
3,582,76
3,583,63
3,583,19
3,583,55
3,583,52
3,584,6
3,584,111
3,584,62
3,585,57
3,585,33
3,585,34
3,586,30
3,586,67
3,586,40
3,586,107
3,586,41
3,587,74
3,587,50
3,587,78
3,587,30
3,587,65
3,588,37
3,588,98
3,588,38
3,588,50
3,588,111
3,589,114
3,589,78
3,589,24
3,589,47
3,590,33
3,590,95
3,590,86
3,590,54
3,590,110
3,591,89
3,591,101
3,591,49
3,591,113
3,591,54
3,592,37
3,592,41
3,593,8
3,593,26
3,593,42
3,594,31
3,594,95
3,595,48
3,595,91
3,595,11
3,596,18
3,596,34
3,596,113
3,596,94
3,597,48
3,597,8
3,597,92
3,598,90
3,598,28
3,598,13
3,599,40
3,599,97
3,599,7
3,599,30
3,600,97
3,600,60
3,600,59
3,600,79
3,601,28
3,601,36
3,601,95
3,601,59
3,601,36
3,602,103
3,602,109
3,602,23
3,602,22
3,603,30
3,603,53
3,603,9
3,604,47
3,604,116
3,604,87
3,605,105
3,605,97
3,605,75
3,605,74
3,605,66
3,606,18
3,606,106
3,606,107
3,606,18
3,606,67
3,607,35
3,607,99
3,608,21
3,608,56
3,608,80
3,608,65
3,608,17
3,609,6
3,609,57
3,609,57
3,609,31
3,609,6
3,610,116
3,610,75
3,610,56
3,610,27
3,611,77
3,611,24
3,612,9
3,612,13
3,612,69
3,613,95
3,613,97
3,614,77
3,614,16
3,614,81
3,615,41
3,615,111
3,615,56
3,615,11
3,616,116
3,616,119
3,616,48
3,616,37
3,616,84
3,617,119
3,617,12
3,618,98
3,618,63
3,618,16
3,618,38
3,619,98
3,619,102
3,619,61
3,619,9
3,619,77
3,620,103
3,620,17
3,620,9
3,621,91
3,621,69
3,622,99
3,622,15
3,622,90
3,622,69
3,622,19
3,623,66
3,623,106
3,623,10
3,624,97
3,624,75
3,624,112
3,624,39
3,624,48
3,625,62
3,625,43
3,626,99
3,626,105
3,626,73
3,627,108
3,627,89
3,628,14
3,628,43
3,628,79
3,628,87
3,628,73
3,629,107
3,629,85
3,630,79
3,630,64
3,630,34
3,630,21
3,631,34
3,631,115
3,631,27
3,631,29
3,631,109
3,632,9
3,632,33
3,632,24
3,633,65
3,633,39
3,633,118
3,633,20
3,634,46
3,634,119
3,634,86
3,635,116
3,635,54
3,635,37
3,636,47
3,636,36
3,636,108
3,636,19
3,636,67
3,637,84
3,637,36
3,637,84
3,637,78
3,637,103
3,638,90
3,638,60
3,639,100
3,639,67
3,640,7
3,640,77
3,640,89
3,641,10
3,641,5
3,641,44
3,642,85
3,642,109
3,642,14
3,642,38
3,643,56
3,643,68
3,643,76
3,643,46
3,643,116
3,644,49
3,644,81
3,644,22
3,644,25
3,644,114
3,645,100
3,645,21
3,646,101
3,646,9
3,646,8
3,646,38
3,647,105
3,647,56
3,647,6
3,648,27
3,648,5
3,648,103
3,648,26
3,648,71
3,649,54
3,649,51
3,649,10
3,649,56
3,650,29
3,650,75
3,650,16
3,651,68
3,651,27
3,652,97
3,652,97
3,652,6
3,652,35
3,653,108
3,653,22
3,653,79
3,654,114
3,654,91
3,654,71
3,654,81
3,654,97
3,655,119
3,655,10
3,655,93
3,655,90
3,655,96
3,656,108
3,656,61
3,657,22
3,657,87
3,657,37
3,657,108
3,657,38
3,658,40
3,658,10
3,658,33
3,658,90
3,659,110
3,659,119
3,659,86
3,659,34
3,659,106
3,660,115
3,660,85
3,660,95
3,660,30
3,661,90
3,661,31
3,661,67
3,661,37
3,662,32
3,662,84
3,662,54
3,663,28
3,663,70
3,663,76
3,663,83
3,664,118
3,664,64
3,665,18
3,665,78
3,666,73
3,666,110
3,666,32
3,666,18
3,667,41
3,667,85
3,667,47
3,667,64
3,668,104
3,668,92
3,669,111
3,669,41
3,669,95
3,669,90
3,670,86
3,670,9
3,670,30
3,670,32
3,671,70
3,671,102
3,671,54
3,671,42
3,671,104
3,672,29
3,672,23
3,672,57
3,672,115
3,672,61
3,673,65
3,673,16
3,674,118
3,674,21
3,674,68
3,674,28
3,675,26
3,675,35
3,675,89
3,675,51
3,675,86
3,676,114
3,676,51
3,676,17
3,676,114
3,677,76
3,677,88
3,677,87
3,678,24
3,678,71
3,678,97
3,678,59
3,678,46
3,679,44
3,679,18
3,679,36
3,679,98
3,679,46
3,680,63
3,680,77
3,680,21
3,681,5
3,681,33
3,681,15
3,681,43
3,681,87
3,682,49
3,682,113
3,682,106
3,682,56
3,682,26
3,683,96
3,683,32
3,683,66
3,684,70
3,684,20
3,684,74
3,684,66
3,684,17
3,685,23
3,685,50
3,685,81
3,685,42
3,686,21
3,686,110
3,686,10
3,686,42
3,687,113
3,687,82
3,687,97
3,687,99
3,687,65
3,688,80
3,688,11
3,688,105
3,688,89
3,689,71
3,689,103
3,689,66
3,689,67
3,689,102
3,690,115
3,690,95
3,690,64
3,691,29
3,691,117
3,691,117
3,691,73
3,692,22
3,692,30
3,693,64
3,693,115
3,693,10
3,693,118
3,694,112
3,694,119
3,694,20
3,695,72
3,695,6
3,696,80
3,696,65
3,696,74
3,697,75
3,697,57
3,697,17
3,697,26
3,698,39
3,698,75
3,698,64
3,698,27
3,698,36
3,699,96
3,699,57
3,699,46
3,699,40
3,699,103
3,700,9
3,700,18
3,700,26
3,700,100
3,700,95
3,701,29
3,701,71
3,701,8
3,702,19
3,702,10
3,702,47
3,702,17
3,703,26
3,703,113
3,703,77
3,703,90
3,703,15
3,704,104
3,704,63
3,704,101
3,704,102
3,705,95
3,705,28
3,705,32
3,706,50
3,706,25
3,707,41
3,707,31
3,707,34
3,707,62
3,707,75
3,708,10
3,708,39
3,709,85
3,709,67
3,709,52
3,710,62
3,710,97
3,710,80
3,710,102
3,710,42
3,711,35
3,711,74
3,711,56
3,712,57
3,712,86
3,713,88
3,713,30
3,713,34
3,713,52
3,714,8
3,714,19
3,714,83
3,714,49
3,715,67
3,715,59
3,716,61
3,716,47
3,717,111
3,717,94
3,718,95
3,718,81
3,719,21
3,719,13
3,719,106
3,719,22
3,720,24
3,720,44
3,720,16
3,720,47
3,721,99
3,721,91
3,721,68
3,721,84
3,721,76
3,722,47
3,722,31
3,722,118
3,722,81
3,722,34
3,723,94
3,723,60
3,723,39
3,724,48
3,724,21
3,724,51
3,725,108
3,725,62
3,725,45
3,725,46
3,725,35
3,726,58
3,726,38
3,726,53
3,726,70
3,726,81
3,727,89
3,727,67
3,728,68
3,728,54
3,728,52
3,729,112
3,729,14
3,729,96
3,729,97
3,729,30
3,730,64
3,730,107
3,731,110
3,731,76
3,731,14
3,731,94
3,732,109
3,732,36
3,732,46
3,732,109
3,733,113
3,733,8
3,734,85
3,734,86
3,735,62
3,735,16
3,735,15
3,735,80
3,736,84
3,736,115
3,737,107
3,737,35
3,737,28
3,737,111
3,737,102
3,738,9
3,738,73
3,739,70
3,739,47
3,739,96
3,740,19
3,740,101
3,741,95
3,741,87
3,741,85
3,741,55
3,741,30
3,742,114
3,742,85
3,742,23
3,742,50
3,742,114
3,743,114
3,743,22
3,743,31
3,743,88
3,743,13
3,744,82
3,744,75
3,744,61
3,745,34
3,745,106
3,745,94
3,745,66
3,745,41
3,746,33
3,746,78
3,746,13
3,747,58
3,747,19
3,748,52
3,748,22
3,749,41
3,749,87
3,749,75
3,749,75
3,749,7
3,750,11
3,750,11
3,750,71
3,750,37
3,750,8
3,751,27
3,751,43
3,751,111
3,751,50
3,752,109
3,752,25
3,752,101
3,752,95
3,753,75
3,753,53
3,754,85
3,754,101
3,754,85
3,754,17
3,754,53
3,755,96
3,755,66
3,755,33
3,755,86
3,755,108
3,756,22
3,756,11
3,756,56
3,756,7
3,756,111
3,757,54
3,757,33
3,757,23
3,757,71
3,757,53
3,758,11
3,758,74
3,758,11
3,758,94
3,759,25
3,759,64
3,759,87
3,759,118
3,760,25
3,760,30
3,760,43
3,760,59
3,760,25
3,761,97
3,761,73
3,762,39
3,762,76
3,762,68
3,763,36
3,763,88
3,763,21
3,763,108
3,764,68
3,764,67
3,764,84
3,764,48
3,764,104
3,765,49
3,765,79
3,765,55
3,765,119
3,765,11
3,766,78
3,766,22
3,766,103
3,767,103
3,767,103
3,767,56
3,768,97
3,768,58
3,769,40
3,769,69
3,769,19
3,769,46
3,770,45
3,770,45
3,770,63
3,771,88
3,771,43
3,771,9
3,771,75
3,772,88
3,772,57
3,772,73
3,772,18
3,773,75
3,773,10
3,773,69
3,773,66
3,773,23
3,774,66
3,774,66
3,774,17
3,775,83
3,775,54
3,775,82
3,775,60
3,776,57
3,776,91
3,776,95
3,777,67
3,777,49
3,778,108
3,778,97
3,778,35
3,778,50
3,778,80
3,779,84
3,779,63
3,780,106
3,780,85
3,781,8
3,781,44
3,781,43
3,781,53
3,782,118
3,782,59
3,782,5
3,782,78
3,783,5
3,783,54
3,783,115
3,783,90
3,783,55
3,784,93
3,784,67
3,785,91
3,785,32
3,785,15
3,785,76
3,786,69
3,786,53
3,787,41
3,787,44
3,787,76
3,787,96
3,788,20
3,788,38
3,789,40
3,789,69
3,790,47
3,790,56
3,790,60
3,790,24
3,791,70
3,791,12
3,791,46
3,792,39
3,792,87
3,793,5
3,793,62
3,793,107
3,793,18
3,793,11
3,794,56
3,794,25
3,795,85
3,795,82
3,796,12
3,796,85
3,797,91
3,797,8
3,798,59
3,798,92
3,798,100
3,799,60
3,799,11
3,799,118
3,799,114
3,800,33
3,800,56
3,800,46
3,801,84
3,801,118
3,801,41
3,801,27
3,801,5
3,802,57
3,802,25
3,802,45
3,802,119
3,803,99
3,803,70
3,804,47
3,804,57
3,805,41
3,805,101
3,805,36
3,805,119
3,806,16
3,806,55
3,806,109
3,806,20
3,806,102
3,807,96
3,807,66
3,807,44
3,807,72
3,808,55
3,808,117
3,808,32
3,808,95
3,808,67
3,809,38
3,809,59
3,809,80
3,809,45
3,809,67
3,810,62
3,810,36
3,810,56
3,811,119
3,811,86
3,812,88
3,812,9
3,813,53
3,813,27
3,813,12
3,813,62
3,814,33
3,814,94
3,814,91
3,814,78
3,814,70
3,815,66
3,815,7
3,815,72
3,815,60
3,816,33
3,816,25
3,817,23
3,817,104
3,817,35
3,817,19
3,817,56
3,818,110
3,818,61
3,818,102
3,818,118
3,819,28
3,819,15
3,820,108
3,820,113
3,820,43
3,820,27
3,821,38
3,821,6
3,822,49
3,822,97
3,822,84
3,823,37
3,823,107
3,823,11
3,824,56
3,824,108
3,824,75
3,824,73
3,824,56
3,825,57
3,825,106
3,826,100
3,826,13
3,826,114
3,827,111
3,827,71
3,827,97
3,828,70
3,828,74
3,828,66
3,829,14
3,829,13
3,830,10
3,830,11
3,830,80
3,831,95
3,831,34
3,831,96
3,832,40
3,832,98
3,833,82
3,833,59
3,833,45
3,834,98
3,834,39
3,834,22
3,835,5
3,835,10
3,836,44
3,836,26
3,836,114
3,836,76
3,837,51
3,837,81
3,837,13
3,837,115
3,837,45
3,838,70
3,838,50
3,838,19
3,838,81
3,839,13
3,839,112
3,839,48
3,839,79
3,839,17
3,840,55
3,840,32
3,840,92
3,840,20
3,841,95
3,841,46
3,841,31
3,841,25
3,842,54
3,842,51
3,842,70
3,843,7
3,843,116
3,843,92
3,843,80
3,844,38
3,844,45
3,844,23
3,844,107
3,845,97
3,845,39
3,845,90
3,845,118
3,845,41
3,846,61
3,846,50
3,846,114
3,846,74
3,847,65
3,847,50
3,847,45
3,848,55
3,848,59
3,848,72
3,849,59
3,849,50
3,849,62
3,850,52
3,850,47
3,851,50
3,851,113
3,851,59
3,851,113
3,852,34
3,852,107
3,852,94
3,852,27
3,853,116
3,853,32
3,854,90
3,854,69
3,854,16
3,855,49
3,855,59
3,856,109
3,856,25
3,856,117
3,856,65
3,857,46
3,857,113
3,857,108
3,857,96
3,858,107
3,858,66
3,858,56
3,859,104
3,859,78
3,860,97
3,860,112
3,861,90
3,861,29
3,861,41
3,862,103
3,862,83
3,862,51
3,862,100
3,863,43
3,863,28
3,864,110
3,864,85
3,864,58
3,864,44
3,865,32
3,865,41
3,865,75
3,866,40
3,866,68
3,866,75
3,866,111
3,867,71
3,867,81
3,867,108
3,868,8
3,868,19
3,868,9
3,868,73
3,869,83
3,869,37
3,870,16
3,870,116
3,870,33
3,870,20
3,871,7
3,871,8
3,871,38
3,872,11
3,872,58
3,872,99
3,872,64
3,873,22
3,873,6
3,873,24
3,873,20
3,874,56
3,874,29
3,875,56
3,875,51
3,875,51
3,875,5
3,875,15
3,876,43
3,876,56
3,876,101
3,876,13
3,876,99
3,877,98
3,877,9
3,877,36
3,878,61
3,878,38
3,878,51
3,878,77
3,879,119
3,879,79
3,880,101
3,880,10
3,881,93
3,881,103
3,881,49
3,882,54
3,882,53
3,882,116
3,882,72
3,882,14
3,883,14
3,883,27
3,883,36
3,884,34
3,884,73
3,884,67
3,885,116
3,885,56
3,885,58
3,886,35
3,886,79
3,886,56
3,886,22
3,886,84
3,887,116
3,887,65
3,887,107
3,888,116
3,888,60
3,888,18
3,888,42
3,889,114
3,889,66
3,889,104
3,890,100
3,890,52
3,891,108
3,891,106
3,892,15
3,892,84
3,892,9
3,892,110
3,892,93
3,893,116
3,893,91
3,893,51
3,893,31
3,894,84
3,894,32
3,894,99
3,895,95
3,895,93
3,896,62
3,896,45
3,896,41
3,896,63
3,896,112
3,897,94
3,897,79
3,897,46
3,897,114
3,897,53
3,898,27
3,898,93
3,898,114
3,898,73
3,898,110
3,899,64
3,899,71
3,899,116
3,899,101
3,899,20
3,900,16
3,900,27
3,900,83
3,900,23
3,900,86
3,901,81
3,901,107
3,901,19
3,901,59
3,901,75
3,902,62
3,902,13
3,903,69
3,903,37
3,903,9
3,904,87
3,904,6
3,905,111
3,905,107
3,905,99
3,905,113
3,905,26
3,906,98
3,906,52
3,906,81
3,907,117
3,907,92
3,908,30
3,908,16
3,908,15
3,908,10
3,909,87
3,909,39
3,909,65
3,909,78
3,910,60
3,910,79
3,911,88
3,911,76
3,912,40
3,912,13
3,913,91
3,913,100
3,913,24
3,913,75
3,914,37
3,914,5
3,914,33
3,914,79
3,914,30
3,915,30
3,915,54
3,915,13
3,916,63
3,916,98
3,917,63
3,917,87
3,917,35
3,917,56
3,918,64
3,918,65
3,918,107
3,918,112
3,919,89
3,919,101
3,919,44
3,920,106
3,920,101
3,921,17
3,921,16
3,922,23
3,922,111
3,923,32
3,923,42
3,923,80
3,923,85
3,924,66
3,924,51
3,925,23
3,925,30
3,925,17
3,925,68
3,925,93
3,926,95
3,926,119
3,926,92
3,927,48
3,927,19
3,928,91
3,928,35
3,929,45
3,929,24
3,929,18
3,929,111
3,930,88
3,930,51
3,930,16
3,930,71
3,930,76
3,931,31
3,931,29
3,931,99
3,932,7
3,932,30
3,932,14
3,933,65
3,933,7
3,934,87
3,934,39
3,935,22
3,935,8
3,935,75
3,935,40
3,936,73
3,936,87
3,936,32
3,937,26
3,937,9
3,938,14
3,938,50
3,938,76
3,939,116
3,939,74
3,940,36
3,940,24
3,940,17
3,940,79
3,940,35
3,941,32
3,941,65
3,942,22
3,942,83
3,942,41
3,942,70
3,942,92
3,943,63
3,943,79
3,943,69
3,944,17
3,944,99
3,944,99
3,944,100
3,944,100
3,945,70
3,945,117
3,945,50
3,945,75
3,946,9
3,946,17
3,946,93
3,946,7
3,946,74
3,947,73
3,947,86
3,948,37
3,948,77
3,948,8
3,948,118
3,948,111
3,949,92
3,949,110
3,949,22
3,949,115
3,950,19
3,950,105
3,951,111
3,951,76
3,952,108
3,952,45
3,952,69
3,952,101
3,953,15
3,953,45
3,953,62
3,953,41
3,953,117
3,954,90
3,954,55
3,954,104
3,955,55
3,955,17
3,955,87
3,956,70
3,956,26
3,956,20
3,956,28
3,956,12
3,957,28
3,957,116
3,957,100
3,957,103
3,958,22
3,958,13
3,958,34
3,958,103
3,958,99
3,959,14
3,959,59
3,959,117
3,959,66
3,959,111
3,960,102
3,960,27
3,960,92
3,960,108
3,960,43
3,961,97
3,961,47
3,961,77
3,961,86
3,962,29
3,962,57
3,962,17
3,962,45
3,963,80
3,963,12
3,963,13
3,964,14
3,964,66
3,964,29
3,964,70
3,965,104
3,965,79
3,965,58
3,966,87
3,966,65
3,966,96
3,966,109
3,966,118
3,967,102
3,967,85
3,967,78
3,967,83
3,967,90
3,968,81
3,968,107
3,968,91
3,969,59
3,969,63
3,969,26
3,969,52
3,969,82
3,970,31
3,970,66
3,971,17
3,971,83
3,972,76
3,972,55
3,973,58
3,973,61
3,973,94
3,973,75
3,973,53
3,974,106
3,974,16
3,975,68
3,975,118
3,975,72
3,975,105
3,976,59
3,976,13
3,976,86
3,976,114
3,976,110
3,977,60
3,977,32
3,977,53
3,977,70
3,978,65
3,978,14
3,978,113
3,979,83
3,979,69
3,979,10
3,979,35
3,980,49
3,980,77
3,981,21
3,981,60
3,981,61
3,981,112
3,981,47
3,982,10
3,982,85
3,982,61
3,983,37
3,983,30
3,983,24
3,983,78
3,984,86
3,984,112
3,984,64
3,984,60
3,985,47
3,985,97
3,986,29
3,986,103
3,987,59
3,987,11
3,987,31
3,988,39
3,988,116
3,988,26
3,989,72
3,989,65
3,989,93
3,990,115
3,990,88
3,991,78
3,991,9
3,991,109
3,992,41
3,992,117
3,992,53
3,992,5
3,992,74
3,993,107
3,993,50
3,993,81
3,994,117
3,994,9
3,994,76
3,994,93
3,994,111
3,995,94
3,995,84
3,996,16
3,996,108
3,996,94
3,996,23
3,997,69
3,997,63
3,997,94
3,998,5
3,998,41
3,998,74
3,999,32
3,999,43
3,999,118
3,999,19
3,999,103
3,1000,93
3,1000,48